Workbook

Sheet 00_README
A1: REPRODUCIBLE SOURCE DATA | 11 DESCRIPTIVE FIGURES
A4: Status | B4: Final manuscript-aligned source register: 3 ordinal plots excluded, 11 descriptive plots retained.
A5: Scope | B5: Narrative evidence map from selected references; not a systematic meta-analysis.
A6: Retained figures | B6: S1-S11, renumbered from original S1,S2,S4-S10,S12,S14.
A7: Removed figures | B7: Original S3, S11, S13; 104 related unvalidated scoring decisions omitted.
A8: Results | B8: 339/339 source-to-matrix checks; 11 figures numerically rebuilt.
A9: Consequence | B9: The original Stage2 bibliography [404] is flagged but not yet deleted in this handoff.
A10: Caution | B10: Numeric reproducibility is not independent scientific validation of study-level extraction.
A11: Contents | B11: Code_Sxx records, Matrix_Sxx formula matrices, 09_Recalculation_Check cached audit.
A12: Sources | B12: Source URLs/DOIs in Code_Sxx and Reference_Register; blank DOI is not proof of missing publication.

Sheet 01_Figure_Status
A1: Original figure | B1: New figure | C1: Source table | D1: References (current) | E1: Decision / meaning
A2: S1 | B2: S1 | C2: S1 | D2: 28 | E2: Retained source-coded descriptive category plot
A3: S2 | B3: S2 | C3: S1 | D3: 28 | E3: Retained source-coded descriptive category plot
A4: S3 | B4: REMOVED | C4: S1 | D4: 28 | E4: Unsupported ordinal/hypothetical ranking excluded (author audit separately archived)
A5: S4 | B5: S3 | C5: S2 | D5: 20 | E5: Retained source-coded descriptive category plot
A6: S5 | B6: S4 | C6: S2 | D6: 20 | E6: Retained source-coded descriptive category plot
A7: S6 | B7: S5 | C7: S2 | D7: 20 | E7: Retained source-coded descriptive category plot
A8: S7 | B8: S6 | C8: S3 | D8: 37 | E8: Retained source-coded descriptive category plot
A9: S8 | B9: S7 | C9: S3 | D9: 41 | E9: Retained source-coded descriptive category plot
A10: S9 | B10: S8 | C10: S4 | D10: 45 | E10: Retained source-coded descriptive category plot
A11: S10 | B11: S9 | C11: S4 | D11: 45 | E11: Retained source-coded descriptive category plot
A12: S11 | B12: REMOVED | C12: S5 | D12: 38 | E12: Unsupported ordinal/hypothetical ranking excluded (author audit separately archived)
A13: S12 | B13: S10 | C13: S5 | D13: 34 | E13: Retained source-coded descriptive category plot
... A15: S14 | B15: S11 | C15: S5 | D15: 34 | E15: Retained source-coded descriptive category plot

Sheet 02_Main_475_References
A1: Reference_number | B1: Title_in_manuscript_register | C1: DOI_in_register | D1: Exact_bibliography_entry
A2: 1 | B2: The initiation of oxidative stress and therapeutic strategies in wound healing | C2: 10.1016/j.biopha.2022.114004 | D2: Wang, G., et al., The initiation of oxidative stress and therapeutic strategies in wound healing. Biomedicine & Pharmacotherapy, 2023. 157: p. 114004.
A3: 2 | B3: Human wound and its burden: Updated 2025 compendium of estimates | C3: 10.1177/21621918251359554 | D3: Sen, C.K., Human wound and its burden: Updated 2025 compendium of estimates. 2025, SAGE Publications Sage CA: Los Angeles, CA. p. 429–438.
A4: 3 | B4: Challenges and new therapeutic approaches in the management of chronic wounds | C4: 10.2174/1389450121666200623131200 | D4: Sun, H., L. Pulakat, and D.W. Anderson, Challenges and new therapeutic approaches in the management of chronic wounds. Current drug targets, 2020. 21(12): p. 1264–1275.
A5: 4 | B5: Healing of chronic wounds: an update of recent developments and future possibilities | C5: 10.1089/ten.TEB.2019.0019 | D5: Kathawala, M.H., et al., Healing of chronic wounds: an update of recent developments and future possibilities. Tissue Engineering Part B: Reviews, 2019. 25(5): p. 429–444.
A6: 5 | B6: The discovery and development of topical medicines for wound healing | C6: 10.1080/17460441.2019.1588879 | D6: Öhnstedt, E., et al., The discovery and development of topical medicines for wound healing. Expert opinion on drug discovery, 2019. 14(5): p. 485–497.
A7: 6 | B7: Innovative treatment strategies to accelerate wound healing: trajectory and recent advancements | C7: 10.3390/cells11152439 | D7: Kolimi, P., et al., Innovative treatment strategies to accelerate wound healing: trajectory and recent advancements. Cells, 2022. 11(15): p. 2439.
A8: 7 | B8: Clinically Unmet Needs of Conventional Diabetic Foot Ulcer Dressings | C8: 10.1021/acsmaterialslett.5c00971 | D8: Hsu, C.-W.R., et al., Clinically Unmet Needs of Conventional Diabetic Foot Ulcer Dressings. ACS Materials Letters, 2025. 8(1): p. 2–15.
A9: 8 | B9: Food and Drug Administration perspective: Advancing product development for non‐healing chronic wounds | C9: 10.1111/wrr.13008 | D9: Verma, K.D., et al., Food and Drug Administration perspective: Advancing product development for non‐healing chronic wounds. Wound Repair and Regeneration, 2022. 30(3): p. 299–302.
A10: 9 | B10: Limited treatment options for diabetic wounds: barriers to clinical translation despite therapeutic success in murine models | C10: 10.1089/wound.2020.1254 | D10: Barakat, M., L.A. DiPietro, and L. Chen, Limited treatment options for diabetic wounds: barriers to clinical translation despite therapeutic success in murine models. Advances in Wound Care, 2021. 10(8): p. 436–460.
A11: 10 | B11: Translational development of ABCB5+ dermal mesenchymal stem cells for therapeutic induction of angiogenesis in non-healing diabetic foot ulcers | C11: 10.1186/s13287-022-03156-9 | D11: Kerstan, A., et al., Translational development of ABCB5+ dermal mesenchymal stem cells for therapeutic induction of angiogenesis in non-healing diabetic foot ulcers. Stem cell research & therapy, 2022. 13(1): p. 455.
A12: 11 | B12: Challenges faced in developing an ideal chronic wound model | C12: 10.1080/17460441.2023.2158809 | D12: Tan, M.L.L., et al., Challenges faced in developing an ideal chronic wound model. Expert opinion on drug discovery, 2023. 18(1): p. 99–114.
A13: 12 | B13: Advances in, and prospects of, 3D preclinical models for skin drug discovery | C13: 10.1016/j.drudis.2024.104208 | D13: Imran, M., et al., Advances in, and prospects of, 3D preclinical models for skin drug discovery. Drug Discovery Today, 2024. 29(12): p. 104208.
... A24: 23 | B24: Machine learning combining external validation to explore the immunopathogenesis of diabetic foot ulcer and predict therapeutic drugs | C24: 10.1371/journal.pone.0328906 | D24: Lu, Z., et al., Machine learning combining external validation to explore the immunopathogenesis of diabetic foot ulcer and predict therapeutic drugs. Plos one, 2025. 20(8): p. e0328906.
A25: 24 | B25: Microfluidic skin‐on‐a‐chip models: Toward biomimetic artificial skin | D25: Sutterby, E., et al., Microfluidic skin‐on‐a‐chip models: Toward biomimetic artificial skin. Small, 2020. 16(39): p. 2002515.
A26: 25 | B26: Fibroblast derived skin wound healing modeling on chip under the influence of micro-capillary shear stress | D26: Gupta, S., et al., Fibroblast derived skin wound healing modeling on chip under the influence of micro-capillary shear stress. Micromachines, 2022. 13(2): p. 305.
A27: 26 | B27: Full-thickness perfused skin-on-a-chip with in vivo-like drug response for drug and cosmetics testing | D27: Rhee, S., et al., Full-thickness perfused skin-on-a-chip with in vivo-like drug response for drug and cosmetics testing. Bioengineering, 2024. 11(11): p. 1055.
A28: 27 | B28: Smart closed-loop drug delivery systems | D28: Paci, M.M., et al., Smart closed-loop drug delivery systems. Nature Reviews Bioengineering, 2025. 3(10): p. 816–834.
A29: 28 | B29: Human relevant platforms for cutaneous wound healing research: current landscape, translational gaps, and emerging frontiers | C29: 10.3389/fbioe.2026.1917429 | D29: Latheef, F. and K. Suthindhiran, Human relevant platforms for cutaneous wound healing research: current landscape, translational gaps, and emerging frontiers. Frontiers in Bioengineering and Biotechnology, 2026. 14: p. 1917429.
A30: 29 | B30: Advances in skin-on-a-chip technology: functional innovations and translational challenges | C30: 10.1016/j.trac.2025.118500 | D30: Zhang, J., et al., Advances in skin-on-a-chip technology: functional innovations and translational challenges. TrAC Trends in Analytical Chemistry, 2025: p. 118500.
A31: 30 | B31: Bio-inks for skin regeneration: phase-adaptive design, multifunctional platforms, and 4D bioprinting frontiers | C31: 10.3389/fbioe.2026.1919338 | D31: Bahrami, G., et al., Bio-inks for skin regeneration: phase-adaptive design, multifunctional platforms, and 4D bioprinting frontiers. Frontiers in Bioengineering and Biotechnology, 2026. 14: p. 1919338.
A32: 31 | B32: The synergy of artificial intelligence and organ-on-a-chip: building a next-generation intelligent engine for drug development | C32: 10.1016/j.ijpharm.2026.127339 | D32: Yong, Q., et al., The synergy of artificial intelligence and organ-on-a-chip: building a next-generation intelligent engine for drug development. International Journal of Pharmaceutics, 2026: p. 127339.
A33: 32 | B33: Wound healing: cellular mechanisms and pathological outcomes | C33: 10.1098/rsob.200223 | D33: Wilkinson, H.N. and M.J. Hardman, Wound healing: cellular mechanisms and pathological outcomes. Open biology, 2020. 10(9).
A34: 33 | B34: Immunology of acute and chronic wound healing | C34: 10.3390/biom11050700 | D34: Raziyeva, K., et al., Immunology of acute and chronic wound healing. Biomolecules, 2021. 11(5): p. 700.
A35: 34 | B35: Emerging Technologies and Solutions for Chronic Wound Care and Diagnosis | D35: Matoori, S. and E. Engel, Emerging Technologies and Solutions for Chronic Wound Care and Diagnosis. 2025, ACS Publications. p. 1435–1437.
A36: 35 | B36: The impact of prolonged inflammation on wound healing | D36: Holzer-Geissler, J.C., et al., The impact of prolonged inflammation on wound healing. Biomedicines, 2022. 10(4): p. 856.
A37: 36 | B37: Deregulated immune cell recruitment orchestrated by FOXM1 impairs human diabetic wound healing | D37: Sawaya, A.P., et al., Deregulated immune cell recruitment orchestrated by FOXM1 impairs human diabetic wound healing. Nature communications, 2020. 11(1): p. 4678.
A38: 37 | B38: The epidermal keratinocyte as a therapeutic target for management of diabetic wounds | D38: Fang, W.-C. and C.-C.E. Lan, The epidermal keratinocyte as a therapeutic target for management of diabetic wounds. International Journal of Molecular Sciences, 2023. 24(5): p. 4290.
A39: 38 | B39: Keratinocyte function in normal and diabetic wounds and modulation by FOXO1 | D39: Wang, Y. and D.T. Graves, Keratinocyte function in normal and diabetic wounds and modulation by FOXO1. Journal of Diabetes Research, 2020. 2020(1): p. 3714704.
A40: 39 | B40: Amniotic epithelial cells accelerate diabetic wound healing by protecting keratinocytes and fibroblasts from high‐glucose‐induced senescence | D40: Shu, F., et al., Amniotic epithelial cells accelerate diabetic wound healing by protecting keratinocytes and fibroblasts from high‐glucose‐induced senescence. Cell Biology International, 2022. 46(5): p. 755–770.
A41: 40 | B41: EGCG restores keratinocyte autophagy to promote diabetic wound healing through the AMPK/ULK1 pathway | D41: Tian, C., et al., EGCG restores keratinocyte autophagy to promote diabetic wound healing through the AMPK/ULK1 pathway. Frontiers in Bioscience-Landmark, 2023. 28(12): p. 324.
A42: 41 | B42: Human wound and its burden: updated 2022 compendium of estimates | D42: Sen, C.K., Human wound and its burden: updated 2022 compendium of estimates. 2023, SAGE Publications Sage CA: Los Angeles, CA. p. 657–670.
A43: 42 | B43: Fibroblasts in diabetic foot ulcers | D43: Voza, F.A., et al., Fibroblasts in diabetic foot ulcers. International journal of molecular sciences, 2024. 25(4): p. 2172.
A44: 43 | B44: Diabetic wound healing: The impact of diabetes on myofibroblast activity and its potential therapeutic treatments | D44: Wan, R., et al., Diabetic wound healing: The impact of diabetes on myofibroblast activity and its potential therapeutic treatments. Wound Repair and Regeneration, 2021. 29(4): p. 573–581.
A45: 44 | B45: Fibroblast Dysfunction and Immune Dysregulation Impair Palatal Wound Healing in Diabetic Rats | D45: Pan, L., et al., Fibroblast Dysfunction and Immune Dysregulation Impair Palatal Wound Healing in Diabetic Rats. International Dental Journal, 2025. 75(6): p. 103894.
A46: 45 | B46: Macrophage dysregulation and impaired skin wound healing in diabetes | D46: Barman, P.K. and T.J. Koh, Macrophage dysregulation and impaired skin wound healing in diabetes. Frontiers in cell and developmental biology, 2020. 8: p. 528.
... A91: 90 | B91: Engineering bioactive M2 macrophage‐polarized anti‐inflammatory, antioxidant, and antibacterial scaffolds for rapid angiogenesis and diabetic wound repair | D91: Tu, Z., et al., Engineering bioactive M2 macrophage‐polarized anti‐inflammatory, antioxidant, and antibacterial scaffolds for rapid angiogenesis and diabetic wound repair. Advanced Functional Materials, 2021. 31(30): p. 2100924.
A92: 91 | B92: Promising Biomarkers for Chronic Wound Healing: A Pilot Cohort Study on Wound Cytokines and a Novel Biofilm Detection Kit for Predicting 90‐Day Outcomes | C92: 10.1111/wrr.70100 | D92: Wu, Y.F., et al., Promising Biomarkers for Chronic Wound Healing: A Pilot Cohort Study on Wound Cytokines and a Novel Biofilm Detection Kit for Predicting 90‐Day Outcomes. Wound Repair and Regeneration, 2025. 33(5): p. e70100.
A93: 92 | B93: Compromised angiogenesis and vascular Integrity in impaired diabetic wound healing | D93: Okonkwo, U.A., et al., Compromised angiogenesis and vascular Integrity in impaired diabetic wound healing. PloS one, 2020. 15(4): p. e0231962.
A94: 93 | B94: Diabetes and wound angiogenesis | D94: Okonkwo, U.A. and L.A. DiPietro, Diabetes and wound angiogenesis. International journal of molecular sciences, 2017. 18(7): p. 1419.
A95: 94 | B95: Gene therapy targeting inflammatory pericytes corrects angiopathy during diabetic wound healing | D95: Jin, W., et al., Gene therapy targeting inflammatory pericytes corrects angiopathy during diabetic wound healing. Frontiers in Immunology, 2022. 13: p. 960925.
A96: 95 | B96: Targeting S100A12 to improve angiogenesis and accelerate diabetic wound healing | D96: Qin, S., et al., Targeting S100A12 to improve angiogenesis and accelerate diabetic wound healing. Inflammation, 2025. 48(2): p. 633–648.
A97: 96 | B97: Miniaturized needle Array‐mediated drug delivery accelerates wound healing | D97: Samandari, M., et al., Miniaturized needle Array‐mediated drug delivery accelerates wound healing. Advanced Healthcare Materials, 2021. 10(8): p. 2001800.
A98: 97 | B98: A wirelessly controlled smart bandage with 3D‐printed miniaturized needle arrays | D98: Derakhshandeh, H., et al., A wirelessly controlled smart bandage with 3D‐printed miniaturized needle arrays. Advanced functional materials, 2020. 30(13): p. 1905544.
A99: 98 | B99: Targeting signalling pathways in chronic wound healing | D99: Bonnici, L., et al., Targeting signalling pathways in chronic wound healing. International Journal of Molecular Sciences, 2023. 25(1): p. 50.
A100: 99 | B100: In vitro wound healing activity of wheat-derived nanovesicles | D100: Şahin, F., et al., In vitro wound healing activity of wheat-derived nanovesicles. Applied biochemistry and biotechnology, 2019. 188(2): p. 381–394.
A101: 100 | B101: Cinnamaldehyde accelerates wound healing by promoting angiogenesis via up-regulation of PI3K and MAPK signaling pathways | D101: Yuan, X., et al., Cinnamaldehyde accelerates wound healing by promoting angiogenesis via up-regulation of PI3K and MAPK signaling pathways. Laboratory investigation, 2018. 98(6): p. 783–798.
A102: 101 | B102: A flexible multiplexed immunosensor for point-of-care in situ wound monitoring | C102: 10.1126/sciadv.abg9614 | D102: Gao, Y., et al., A flexible multiplexed immunosensor for point-of-care in situ wound monitoring. Science Advances, 2021. 7(21): p. eabg9614.
A103: 102 | B103: Multifunctional hydrogel as wound dressing for intelligent wound monitoring | C103: 10.1016/j.cej.2022.134625 | D103: Wang, L., et al., Multifunctional hydrogel as wound dressing for intelligent wound monitoring. Chemical Engineering Journal, 2022. 433: p. 134625.
A104: 103 | B104: Applications of single-cell RNA sequencing in drug discovery and development | D104: Van de Sande, B., et al., Applications of single-cell RNA sequencing in drug discovery and development. Nature reviews Drug discovery, 2023. 22(6): p. 496–520.
A105: 104 | B105: A novel in vitro wound healing assay to evaluate cell migration | C105: 10.3791/56825 | D105: Cappiello, F., B. Casciaro, and M.L. Mangoni, A novel in vitro wound healing assay to evaluate cell migration. Journal of visualized experiments: JoVE, 2018(133): p. 56825.
A106: 105 | B106: Comparison of in vitro scratch wound assay experimental procedures | C106: 10.1016/j.bbrep.2023.101423 | D106: Radstake, W.E., et al., Comparison of in vitro scratch wound assay experimental procedures. Biochemistry and Biophysics Reports, 2023. 33: p. 101423.
A107: 106 | B107: ERK activating peptide, AES16-2M promotes wound healing through accelerating migration of keratinocytes | C107: 10.1038/s41598-018-32851-y | D107: Lee, S., et al., ERK activating peptide, AES16-2M promotes wound healing through accelerating migration of keratinocytes. Scientific reports, 2018. 8(1): p. 14398.
A108: 107 | B108: Effects of Periploca forrestii Schltr on wound healing by Src meditated Mek/Erk and PI3K/Akt signals | C108: 10.1016/j.jep.2019.03.046 | D108: Li, J., et al., Effects of Periploca forrestii Schltr on wound healing by Src meditated Mek/Erk and PI3K/Akt signals. Journal of ethnopharmacology, 2019. 237: p. 116–127.
A109: 108 | B109: Microscopy based methods for the assessment of epithelial cell migration during in vitro wound healing | C109: 10.3791/56799 | D109: Liarte, S., et al., Microscopy based methods for the assessment of epithelial cell migration during in vitro wound healing. Journal of Visualized Experiments: Jove, 2018(131): p. 56799.
A110: 109 | B110: Establishment of a cell-based wound healing assay for bio-relevant testing of wound therapeutics | C110: 10.1016/j.vascn.2017.10.003 | D110: Planz, V., J. Wang, and M. Windbergs, Establishment of a cell-based wound healing assay for bio-relevant testing of wound therapeutics. Journal of pharmacological and toxicological methods, 2018. 89: p. 19–25.
A111: 110 | B111: Property characterization of reconstructed human epidermis equivalents, and performance as a skin irritation model | C111: 10.1016/j.tiv.2018.07.005 | D111: Capallere, C., et al., Property characterization of reconstructed human epidermis equivalents, and performance as a skin irritation model. Toxicology in Vitro, 2018. 53: p. 45–56.
A112: 111 | B112: A new reconstructed human epidermis for in vitro skin irritation testing | C112: 10.1016/j.tiv.2017.03.010 | D112: do Nascimento Pedrosa, T., et al., A new reconstructed human epidermis for in vitro skin irritation testing. Toxicology in Vitro, 2017. 42: p. 31–37.
A113: 112 | B113: Skin corrosion test: A comparison between reconstructed human epidermis and full thickness skin models | C113: 10.1016/j.ejpb.2018.01.002 | D113: Catarino, C.M., et al., Skin corrosion test: A comparison between reconstructed human epidermis and full thickness skin models. European Journal of Pharmaceutics and Biopharmaceutics, 2018. 125: p. 51–57.
A114: 113 | B114: Fundamental in vitro 3D human skin equivalent tool development for assessing biological safety and biocompatibility–towards alternative for animal experiments | C114: 10.1051/fopen/2021001 | D114: Idrees, A., et al., Fundamental in vitro 3D human skin equivalent tool development for assessing biological safety and biocompatibility–towards alternative for animal experiments. 4open, 2021. 4: p. 1.
A115: 114 | B115: Characterization of a new reconstructed full thickness skin model, T-skin™, and its application for investigations of anti-aging compounds | D115: Bataillon, M., et al., Characterization of a new reconstructed full thickness skin model, T-skin™, and its application for investigations of anti-aging compounds. International journal of molecular sciences, 2019. 20(9): p. 2240.
A116: 115 | B116: Skin toxicity assessment of silver nanoparticles in a 3D epidermal model compared to 2D keratinocytes | C116: 10.2147/IJN.S225451 | D116: Chen, L., et al., Skin toxicity assessment of silver nanoparticles in a 3D epidermal model compared to 2D keratinocytes. International Journal of Nanomedicine, 2019: p. 9707–9719.
A117: 116 | B117: Engineering a 3D wounded skin equivalent to study early inflammatory and regenerative responses in vitro | D117: Nuwayhid, R., et al., Engineering a 3D wounded skin equivalent to study early inflammatory and regenerative responses in vitro. Frontiers in Bioengineering and Biotechnology, 2025. 13: p. 1621566.
A118: 117 | B118: A 3D in vitro model for burn wounds: monitoring of regeneration on the epidermal level | D118: Schneider, V., et al., A 3D in vitro model for burn wounds: monitoring of regeneration on the epidermal level. Biomedicines, 2021. 9(9): p. 1153.
A119: 118 | B119: New Methodological Approach to Follow the Re‐Epithelialisation Phase in the Wound Healing Process on a 3D Full Thickness Skin Model | C119: 10.1111/exd.70137 | D119: Fallou, B., et al., New Methodological Approach to Follow the Re‐Epithelialisation Phase in the Wound Healing Process on a 3D Full Thickness Skin Model. Experimental Dermatology, 2025. 34(7): p. e70137.
A120: 119 | B120: Assessment of skin toxicity in an in vitro reconstituted human epidermis model using deep learning | C120: 10.1016/j.ajpath.2021.12.007 | D120: Hu, F., et al., Assessment of skin toxicity in an in vitro reconstituted human epidermis model using deep learning. The American journal of pathology, 2022. 192(4): p. 687–700.
A121: 120 | B121: Human in vitro skin models for wound healing and wound healing disorders | D121: Hofmann, E., et al., Human in vitro skin models for wound healing and wound healing disorders. Biomedicines, 2023. 11(4): p. 1056.
A122: 121 | B122: Overview of advanced in-vitro and ex-vivo test methods for pre-clinical evaluation of wound care products | D122: Schuhladen, K., et al., Overview of advanced in-vitro and ex-vivo test methods for pre-clinical evaluation of wound care products. Skin Pharmacology and Physiology, 2026.
A123: 122 | B123: Keratinocyte migration in a three-dimensional in vitro wound healing model co-cultured with fibroblasts | C123: 10.1007/s13770-018-0145-7 | D123: Iyer, K., et al., Keratinocyte migration in a three-dimensional in vitro wound healing model co-cultured with fibroblasts. Tissue engineering and regenerative medicine, 2018. 15(6): p. 721–733.
A124: 123 | B124: Reepithelialization in focus: Non-invasive monitoring of epidermal wound healing in vitro | C124: 10.1016/j.bios.2019.111555 | D124: Kiesewetter, L., et al., Reepithelialization in focus: Non-invasive monitoring of epidermal wound healing in vitro. Biosensors and Bioelectronics, 2019. 142: p. 111555.
A125: 124 | B125: Fluorescent cell tracer dye permits real‐time assessment of re‐epithelialization in a serum‐free ex vivo human skin wound assay | C125: 10.1111/wrr.12688 | D125: Nasir, N.A.M., R. Paus, and D.M. Ansell, Fluorescent cell tracer dye permits real‐time assessment of re‐epithelialization in a serum‐free ex vivo human skin wound assay. Wound Repair and Regeneration, 2019. 27(1): p. 126–133.
A126: 125 | B126: A standardized in vitro bioengineered skin for penetrating wound modeling | C126: 10.1007/s44164-025-00082-x | D126: Salazar Silva, C.S., et al., A standardized in vitro bioengineered skin for penetrating wound modeling. In vitro models, 2025. 4(1): p. 15–30.
A127: 126 | B127: Novel leukocyte-depleted platelet-rich plasma-based skin equivalent as an in vitro model of chronic wounds: a preliminary study | C127: 10.1186/s12860-021-00366-6 | D127: Seria, E., et al., Novel leukocyte-depleted platelet-rich plasma-based skin equivalent as an in vitro model of chronic wounds: a preliminary study. BMC Molecular and Cell Biology, 2021. 22(1): p. 28.
A128: 127 | B128: 3D Bioprinting Skin Equivalents: A Methodological Perspective on Human Keratinocyte and Fibroblast Models for Wound Repair and Regeneration | D128: Dos Santos, J.A., et al., 3D Bioprinting Skin Equivalents: A Methodological Perspective on Human Keratinocyte and Fibroblast Models for Wound Repair and Regeneration. Wound Repair and Regeneration, 2025. 33(4): p. e70056.
A129: 128 | B129: Fibrinogen-based bioink for application in skin equivalent 3D bioprinting | C129: 10.3390/jfb14090459 | D129: Cavallo, A., et al., Fibrinogen-based bioink for application in skin equivalent 3D bioprinting. Journal of Functional Biomaterials, 2023. 14(9): p. 459.
A130: 129 | B130: Properties of collagen/sodium alginate hydrogels for bioprinting of skin models | C130: 10.1007/s42235-022-00251-8 | D130: Jiao, T., et al., Properties of collagen/sodium alginate hydrogels for bioprinting of skin models. Journal of Bionic Engineering, 2023. 20(1): p. 105–118.
A131: 130 | B131: 3D Bioprinting a Novel Skin Co‐Culture Model Using Human Keratinocytes and Fibroblasts | C131: 10.1002/jbm.a.37831 | D131: Andrade, T.A., et al., 3D Bioprinting a Novel Skin Co‐Culture Model Using Human Keratinocytes and Fibroblasts. Journal of Biomedical Materials Research Part A, 2025. 113(1): p. e37831.
A132: 131 | B132: Bilayer tissue-engineered skin loaded with confining forces enhances epidermal proliferation to promote full-thickness wound healing | C132: 10.1016/j.mtcomm.2025.113049 | D132: Xu, C., et al., Bilayer tissue-engineered skin loaded with confining forces enhances epidermal proliferation to promote full-thickness wound healing. Materials Today Communications, 2025. 47: p. 113049.
A133: 132 | B133: 3D bioprinted skin substitutes for accelerated wound healing and reduced scar | C133: 10.1007/s42235-021-0053-8 | D133: Lian, Q., et al., 3D bioprinted skin substitutes for accelerated wound healing and reduced scar. Journal of Bionic Engineering, 2021. 18(4): p. 900–914.
A134: 133 | B134: Development and application of a mechanical arm-based in situ 3D bioprinting method for the repair of skin wounds | C134: 10.1007/s42452-024-06043-5 | D134: Zhou, X., et al., Development and application of a mechanical arm-based in situ 3D bioprinting method for the repair of skin wounds. Discover Applied Sciences, 2024. 6(8): p. 438.
A135: 134 | B135: Functionalizing multi-component bioink with platelet-rich plasma for customized in-situ bilayer bioprinting for wound healing | C135: 10.1016/j.mtbio.2022.100334 | D135: Zhao, M., et al., Functionalizing multi-component bioink with platelet-rich plasma for customized in-situ bilayer bioprinting for wound healing. Materials Today Bio, 2022. 16: p. 100334.
A136: 135 | B136: Integrating microfluidic and bioprinting technologies: advanced strategies for tissue vascularization | D136: Mei, X., et al., Integrating microfluidic and bioprinting technologies: advanced strategies for tissue vascularization. Lab on a Chip, 2025. 25(5): p. 764–786.
A137: 136 | B137: A bioprinted vascularized skin substitute with fibroblasts, keratinocytes, and endothelial progenitor cells for skin wound healing | C137: 10.1016/j.bprint.2022.e00237 | D137: Dai, L.-G., et al., A bioprinted vascularized skin substitute with fibroblasts, keratinocytes, and endothelial progenitor cells for skin wound healing. Bioprinting, 2022. 28: p. e00237.
A138: 137 | B138: Three dimensional bioprinting of a vascularized and perfusable skin graft using human keratinocytes, fibroblasts, pericytes, and endothelial cells | C138: 10.1089/ten.TEA.2019.0201 | D138: Baltazar, T., et al., Three dimensional bioprinting of a vascularized and perfusable skin graft using human keratinocytes, fibroblasts, pericytes, and endothelial cells. Tissue Engineering Part A, 2020. 26(5-6): p. 227–238.
A139: 138 | B139: 3D bioprinting bioglass to construct vascularized full-thickness skin substitutes for wound healing | C139: 10.1016/j.mtbio.2023.100899 | D139: Liu, Y., et al., 3D bioprinting bioglass to construct vascularized full-thickness skin substitutes for wound healing. Materials Today Bio, 2024. 24: p. 100899.
A140: 139 | B140: An in vitro autologous, vascularized, and immunocompetent Tissue Engineered Skin model obtained by the self-assembled approach | D140: Attiogbe, E., et al., An in vitro autologous, vascularized, and immunocompetent Tissue Engineered Skin model obtained by the self-assembled approach. Acta Biomaterialia, 2023. 168: p. 361–371.
A141: 140 | B141: Macrophages significantly enhance wound healing in a vascularized skin model | C141: 10.1002/jbm.a.36648 | D141: Kreimendahl, F., et al., Macrophages significantly enhance wound healing in a vascularized skin model. Journal of Biomedical Materials Research Part A, 2019. 107(6): p. 1340–1350.
A142: 141 | B142: Bioengineered Skin Grafts from Patient‐Derived Decellularized Extracellular Matrix and Autologous Cells for Personalized Regenerative | D142: Kang, R., et al., Bioengineered Skin Grafts from Patient‐Derived Decellularized Extracellular Matrix and Autologous Cells for Personalized Regenerative. Advanced Science, 2025. 12(44): p. e11889.
A143: 142 | B143: Engineering of diseased human skin equivalent using 3D cell printing for representing pathophysiological hallmarks of type 2 diabetes in vitro | C143: 10.1016/j.biomaterials.2021.120776 | D143: Kim, B.S., et al., Engineering of diseased human skin equivalent using 3D cell printing for representing pathophysiological hallmarks of type 2 diabetes in vitro. Biomaterials, 2021. 272: p. 120776.
A144: 143 | B144: Natural 3D-printed bioinks for skin regeneration and wound healing: A systematic review | D144: Smandri, A., et al., Natural 3D-printed bioinks for skin regeneration and wound healing: A systematic review. Polymers, 2020. 12(8): p. 1782.
A145: 144 | B145: 3D bioprinting of in vitro vascularized skin models and in vivo skin grafts | D145: Zhang, S., et al., 3D bioprinting of in vitro vascularized skin models and in vivo skin grafts. International Journal of Extreme Manufacturing, 2026.
A146: 145 | B146: Construction of 3D multicellular microfluidic chip for an in vitro skin model | D146: Lee, S., et al., Construction of 3D multicellular microfluidic chip for an in vitro skin model. Biomedical microdevices, 2017. 19(2): p. 22.
A147: 146 | B147: Vascularised human skin equivalents as a novel in vitro model of skin fibrosis and platform for testing of antifibrotic drugs | D147: Matei, A.-E., et al., Vascularised human skin equivalents as a novel in vitro model of skin fibrosis and platform for testing of antifibrotic drugs. Annals of the rheumatic diseases, 2019. 78(12): p. 1686–1692.
A148: 147 | B148: Advanced Online Monitoring of In Vitro Human 3D Full-Thickness Skin Equivalents | D148: Schaller-Ammann, R., et al., Advanced Online Monitoring of In Vitro Human 3D Full-Thickness Skin Equivalents. Pharmaceutics, 2022. 14(7): p. 1436.
A149: 148 | B149: Development of immunocompetent full thickness skin tissue constructs to model skin fibrosis for high-throughput drug screening | D149: Lim, Y.W., et al., Development of immunocompetent full thickness skin tissue constructs to model skin fibrosis for high-throughput drug screening. Biofabrication, 2025. 17(1): p. 015033.
A150: 149 | B150: Histological and functional characterization of 3D human skin models mimicking the inflammatory skin diseases psoriasis and atopic dermatitis | D150: Scheurer, J., et al., Histological and functional characterization of 3D human skin models mimicking the inflammatory skin diseases psoriasis and atopic dermatitis. Disease Models & Mechanisms, 2024. 17(1): p. dmm050541.
A151: 150 | B151: “Neuro-Vascularized Skin Organoids”: Novel Exploratory Research Tools in Leprosy | D151: Sharma, K., S. Chhabra, and M. Sharma, “Neuro-Vascularized Skin Organoids”: Novel Exploratory Research Tools in Leprosy. Indian Dermatology Online Journal, 2022. 13(3): p. 388–389.
A152: 151 | B152: A simple method for the production of human skin equivalent in 3D, multi-cell culture | D152: Szymański, Ł., et al., A simple method for the production of human skin equivalent in 3D, multi-cell culture. International journal of molecular sciences, 2020. 21(13): p. 4644.
A153: 152 | B153: Simultaneous evaluation of anti-EGFR-induced tumour and adverse skin effects in a microfluidic human 3D co-culture model | D153: Hübner, J., et al., Simultaneous evaluation of anti-EGFR-induced tumour and adverse skin effects in a microfluidic human 3D co-culture model. Scientific Reports, 2018. 8(1): p. 15010.
A154: 153 | B154: Innovations in skin microphysiological systems for nonclinical testing and FDA modernization | D154: Lee, T., et al., Innovations in skin microphysiological systems for nonclinical testing and FDA modernization. Microsystems & Nanoengineering, 2026. 12(1): p. 44.
...

Sheet 03_SI_Table_Cohorts
A1: SI_Table | B1: Reference_number | C1: SI_Table_row_identification | D1: Title_from_main | E1: DOI_from_register
A2: S1 | B2: 105 | C2: 2: Migration assay standardization | D2: Comparison of in vitro scratch wound assay experimental procedures | E2: 10.1016/j.bbrep.2023.101423
A3: S1 | B3: 106 | C3: 4: 2D assays with acute in vivo validation | D3: ERK activating peptide, AES16-2M promotes wound healing through accelerating migration of keratinocytes | E3: 10.1038/s41598-018-32851-y
A4: S1 | B4: 107 | C4: 3: 2D therapeutic-response assays | D4: Effects of Periploca forrestii Schltr on wound healing by Src meditated Mek/Erk and PI3K/Akt signals | E4: 10.1016/j.jep.2019.03.046
A5: S1 | B5: 108 | C5: 2: Migration assay standardization | D5: Microscopy based methods for the assessment of epithelial cell migration during in vitro wound healing | E5: 10.3791/56799
A6: S1 | B6: 109 | C6: 3: 2D therapeutic-response assays | D6: Establishment of a cell-based wound healing assay for bio-relevant testing of wound therapeutics | E6: 10.1016/j.vascn.2017.10.003
A7: S1 | B7: 110 | C7: 6: Reconstructed epidermis for barrier and irritation testing | D7: Property characterization of reconstructed human epidermis equivalents, and performance as a skin irritation model | E7: 10.1016/j.tiv.2018.07.005
A8: S1 | B8: 111 | C8: 6: Reconstructed epidermis for barrier and irritation testing | D8: A new reconstructed human epidermis for in vitro skin irritation testing | E8: 10.1016/j.tiv.2017.03.010
A9: S1 | B9: 112 | C9: 7: Epidermal and full-thickness toxicity comparison | D9: Skin corrosion test: A comparison between reconstructed human epidermis and full thickness skin models | E9: 10.1016/j.ejpb.2018.01.002
A10: S1 | B10: 115 | C10: 7: Epidermal and full-thickness toxicity comparison | D10: Skin toxicity assessment of silver nanoparticles in a 3D epidermal model compared to 2D keratinocytes | E10: 10.2147/IJN.S225451
A11: S1 | B11: 118 | C11: 11: Longitudinal non-invasive wound monitoring | D11: New Methodological Approach to Follow the Re‐Epithelialisation Phase in the Wound Healing Process on a 3D Full Thickness Skin Model | E11: 10.1111/exd.70137
A12: S1 | B12: 119 | C12: 8: Automated epidermal digital pathology | D12: Assessment of skin toxicity in an in vitro reconstituted human epidermis model using deep learning | E12: 10.1016/j.ajpath.2021.12.007
A13: S1 | B13: 122 | C13: 10: Matrix-based 3D wound constructs | D13: Keratinocyte migration in a three-dimensional in vitro wound healing model co-cultured with fibroblasts | E13: 10.1007/s13770-018-0145-7
... A29: S1 | B29: 142 | C29: 19: Disease-relevant diabetic bioprinted skin | D29: Engineering of diseased human skin equivalent using 3D cell printing for representing pathophysiological hallmarks of type 2 diabetes in vitro | E29: 10.1016/j.biomaterials.2021.120776
A30: S2 | B30: 58 | C30: 12: Perfused inflammatory full-thickness skin-on-chip model for drug-response testing | D30: Analysis of drug efficacy for inflammatory skin on an organ-chip system
A31: S2 | B31: 101 | C31: 18: Multiplexed wound-exudate sensing patches | D31: A flexible multiplexed immunosensor for point-of-care in situ wound monitoring | E31: 10.1126/sciadv.abg9614
A32: S2 | B32: 155 | C32: 2: Perfused dermal perivascular angiogenesis chip | D32: A 3D millifluidic model of a dermal perivascular microenvironment on a chip | E32: 10.1039/d4lc00898g
A33: S2 | B33: 158 | C33: 3: Ex vivo full-thickness human skin microbioreactor | D33: Design and evaluation of a skin-on-a-chip pumpless microfluidic device | E33: 10.1038/s41598-023-34796-3
A34: S2 | B34: 159 | C34: 4: Layered tissue-generation chip | D34: A new microfluidic method enabling the generation of multi-layered tissues-on-chips using skin cells as a proof of concept | E34: 10.1038/s41598-021-91875-z
A35: S2 | B35: 164 | C35: 5: Oxygen-gradient angiogenesis module | D35: Studying sprouting angiogenesis under combination of oxygen gradients and co-culture of fibroblasts using microfluidic cell culture model | E35: 10.1016/j.mtbio.2023.100703
A36: S2 | B36: 166 | C36: 7: Perfused reconstructed skin-on-chip for transdermal diffusion | D36: In silico approach for validating organ-on-chips: exemplifying through a skin-on-chip device | E36: 10.1007/s10404-025-02863-y
A37: S2 | B37: 169 | C37: 13: Infection-activated vessel-on-chip | D37: An in vitro human vessel model to study Neisseria meningitidis colonization and vascular damages | E37: 10.7554/eLife.107813
A38: S2 | B38: 181 | C38: 8: Perfused 3D skin-on-chip for barrier validation and drug permeation | D38: A 3D microfluidic model for preclinical drug permeation studies: Advancing validation of skin-on-chip technology | E38: 10.1016/j.jpba.2025.117187
A39: S2 | B39: 182 | C39: 18: Multiplexed wound-exudate sensing patches | D39: A flexible and multimodal biosensing patch integrated with microfluidics for chronic wound monitoring | E39: 10.1016/j.cej.2024.157673
A40: S2 | B40: 183 | C40: 19: Battery-free lactate prognostic wound monitor | D40: A miniaturized, battery‐free, wireless wound monitor that predicts wound closure rate early | E40: 10.1002/adhm.202301280
A41: S2 | B41: 187 | C41: 21: Wireless smart bandage with sensing and electrical stimulation | D41: Wireless, closed-loop, smart bandage with integrated sensors and stimulators for advanced wound care and accelerated healing | E41: 10.1038/s41587-022-01528-3
A42: S2 | B42: 188 | C42: 22: Closed-loop wound-management platform with on-chip inference and drug delivery | D42: Smart Wound Management System Capable of On‐Chip Machine Learning and Closed‐Loop Therapeutic Feedback | E42: 10.1002/adfm.202522329
... A47: S2 | B47: 196 | C47: 14: Dynamic reconstructed skin-on-chip for topical sensitizer response | D47: Proof-of-concept organ-on-chip study: topical cinnamaldehyde exposure of reconstructed human skin with integrated neopapillae cultured under dynamic flow | E47: 10.3390/pharmaceutics14081529
A48: S2 | B48: 197 | C48: 15: Perfused inflammatory skin-on-chip with rapid cytokine detection | D48: Skin-on-a-Chip Coupled with a Rapid Inflammation Detection System for Cosmetic Ingredient Screening
A49: S2 | B49: 198 | C49: 16: Epidermal pruritus and barrier-support skin-on-chip | D49: Skin-on-Chip and clinical evaluation of the soothing potential of a topical natural treatment for atopic-prone skin: An exploratory study | E49: 10.1016/j.biopha.2025.118957
A50: S3 | B50: 200 | C50: 3: Redox-, glucose-, and mixed-stimulus adaptive hydrogels | D50: Construction of oxidized dextran-based pH/ROS responsive hydrogel with live bacterial microcapsules for accelerating diabetic wound healing via reducing inflammatory factors | E50: 10.1016/j.ijbiomac.2026.151405
A51: S3 | B51: 201 | C51: 3: Redox-, glucose-, and mixed-stimulus adaptive hydrogels | D51: pH/ROS responsive hydrogel loaded with bimetallic phenolic nanoparticles: A multifaceted therapeutic strategy for accelerating diabetic wound repair | E51: 10.1016/j.cej.2025.170173
A52: S3 | B52: 202 | C52: 4: Enzyme-activated infection and remodeling depots | D52: Bacterial enzyme-responsive hydrogels for triggered delivery of antibiotics to infected wounds | E52: 10.1126/sciadv.adz0786
A53: S3 | B53: 206 | C53: 2: Acidic pH-switching adhesive and release matrices | D53: pH-responsive hydrogel loaded with insulin as a bioactive dressing for enhancing diabetic wound healing | E53: 10.1016/j.matdes.2021.110104
A54: S3 | B54: 207 | C54: 2: Acidic pH-switching adhesive and release matrices | D54: Dual-crosslinked mussel-inspired smart hydrogels with enhanced antibacterial and angiogenic properties for chronic infected diabetic wound treatment via pH-responsive quick cargo release | E54: 10.1016/j.cej.2021.128564
A55: S3 | B55: 210 | C55: 3: Redox-, glucose-, and mixed-stimulus adaptive hydrogels | D55: ROS-scavenging hydrogel to promote healing of bacteria infected diabetic wounds | E55: 10.1016/j.biomaterials.2020.120286
A56: S3 | B56: 211 | C56: 3: Redox-, glucose-, and mixed-stimulus adaptive hydrogels | D56: Ros-responsive hydrogel with size-dependent sequential release effects for anti-bacterial and anti-inflammation in diabetic wound healing
A57: S3 | B57: 212 | C57: 3: Redox-, glucose-, and mixed-stimulus adaptive hydrogels | D57: Smart multifunctional ROS-responsive supramolecular hydrogel for simultaneously regulating oxidative stress, immune dysregulation, and bacterial infection in diabetic wound healing | E57: 10.1016/j.biomaterials.2026.124006
A58: S3 | B58: 214 | C58: 3: Redox-, glucose-, and mixed-stimulus adaptive hydrogels | D58: A smart ROS-responsive hydrogel for on-demand antibacterial and platelet-rich plasma (PRP) activation in diabetic wound healing | E58: 10.1016/j.jconrel.2025.114392
A59: S3 | B59: 215 | C59: 3: Redox-, glucose-, and mixed-stimulus adaptive hydrogels | D59: Glucose/ROS-responsive and redox-gated adaptive hydrogel dressing for accelerating diabetic wound repair via synergistic cGAS/STING pathway inhibition and oxidative stress alleviation | E59: 10.1016/j.bioactmat.2026.03.025
A60: S3 | B60: 217 | C60: 4: Enzyme-activated infection and remodeling depots | D60: ADSC-exo@ MMP-PEG smart hydrogel promotes diabetic wound healing by optimizing cellular functions and relieving oxidative stress | E60: 10.1016/j.mtbio.2022.100365
A61: S3 | B61: 219 | C61: 2: Acidic pH-switching adhesive and release matrices | D61: A dual pH-and temperature-responsive hydrogel produced in situ crosslinking of cyclodextrin-cellulose for wound healing | E61: 10.1016/j.ijbiomac.2023.126693
A62: S3 | B62: 221 | C62: 5: Thermogelling and externally actuated antimicrobial-regenerative systems | D62: Temperature-Responsive Hydrogel Delivery of Antimicrobial Peptide Engineered Watermelon-Derived Extracellular Vesicles Enables Sequential Infection Control and Wound Healing | E62: 10.1016/j.colsurfb.2026.115438
A63: S3 | B63: 224 | C63: 7: Macrophage-state and cytokine-balancing matrices | D63: Immunomodulatory hydrogel orchestrates pro-regenerative response of macrophages and angiogenesis for chronic wound healing | E63: 10.1016/j.biomaterials.2024.122848
A64: S3 | B64: 225 | C64: 7: Macrophage-state and cytokine-balancing matrices | D64: Immunoregulatory hydrogel decorated with Tannic acid/Ferric ion accelerates diabetic wound healing via regulating Macrophage polarization | E64: 10.1016/j.cej.2023.143173
A65: S3 | B65: 226 | C65: 7: Macrophage-state and cytokine-balancing matrices | D65: Extracellular matrix‐mimetic immunomodulatory hydrogel for accelerating wound healing | E65: 10.1002/adhm.202301264
A66: S3 | B66: 227 | C66: 7: Macrophage-state and cytokine-balancing matrices | D66: Bioinspired design of mannose-decorated globular lysine dendrimers promotes diabetic wound healing by orchestrating appropriate macrophage polarization | E66: 10.1016/j.biomaterials.2021.121323
A67: S3 | B67: 230 | C67: 2: Acidic pH-switching adhesive and release matrices | D67: Chitosan-based hydrogel dressings for diabetic wound healing via promoting M2 macrophage-polarization | E67: 10.1016/j.carbpol.2024.121873
A68: S3 | B68: 231 | C68: 7: Macrophage-state and cytokine-balancing matrices | D68: Varying ratios of M/G in alginate to modulate macrophages polarization and its application for wound healing in diabetic | E68: 10.1016/j.ijbiomac.2024.132387
... A93: S4 | B93: 271 | C93: 2: Wound-boundary segmentation and calibrated area extraction | D93: Diabetic foot ulcers segmentation challenge report: Benchmark and analysis | E93: 10.1016/j.media.2024.103153
A94: S4 | B94: 272 | C94: 2: Wound-boundary segmentation and calibrated area extraction | D94: Fully convolutional networks for diabetic foot ulcer segmentation. in 2017 IEEE international conference on systems, man, and cybernetics (SMC)
A95: S4 | B95: 275 | C95: 2: Wound-boundary segmentation and calibrated area extraction | D95: FUSegNet: A deep convolutional neural network for foot ulcer segmentation | E95: 10.1016/j.bspc.2024.106057
A96: S4 | B96: 276 | C96: 2: Wound-boundary segmentation and calibrated area extraction | D96: Fully automatic wound segmentation with deep convolutional neural networks | E96: 10.1038/s41598-020-78799-w
A97: S4 | B97: 277 | C97: 2: Wound-boundary segmentation and calibrated area extraction | D97: Detect-and-segment: A deep learning approach to automate wound image segmentation | E97: 10.1016/j.imu.2022.100884
A98: S4 | B98: 281 | C98: 3: Tissue-level and disease-state image phenotyping | D98: Assessing Clinician Consistency in Wound Tissue Classification and the Value of AI‐Assisted Quantification: A Cross‐Sectional Study
A99: S4 | B99: 282 | C99: 3: Tissue-level and disease-state image phenotyping | D99: Recognition of ischaemia and infection in diabetic foot ulcers: Dataset and techniques | E99: 10.1016/j.compbiomed.2020.103616
A100: S4 | B100: 283 | C100: 3: Tissue-level and disease-state image phenotyping | D100: Protocol for metadata and image collection at diabetic foot ulcer clinics: enabling research in wound analytics and deep learning
A101: S4 | B101: 284 | C101: 2: Wound-boundary segmentation and calibrated area extraction | D101: WSNet: towards an effective method for wound image segmentation. in Proceedings of the IEEE/CVF winter conference on applications of computer vision
A102: S4 | B102: 286 | C102: 3: Tissue-level and disease-state image phenotyping | D102: AI-assisted assessment of wound tissue with automatic color and measurement calibration on images taken with a smartphone. in Healthcare
A103: S4 | B103: 287 | C103: 2: Wound-boundary segmentation and calibrated area extraction | D103: FUSeg: The foot ulcer segmentation challenge | E103: 10.3390/info15030140
A104: S4 | B104: 288 | C104: 2: Wound-boundary segmentation and calibrated area extraction | D104: Analysis of training data augmentation for diabetic foot ulcer semantic segmentation
A105: S4 | B105: 293 | C105: 5: Longitudinal healing trajectory and time-to-closure prediction | D105: The use of the artificial neural network for three-month prognosis in diabetic foot syndrome
A106: S4 | B106: 295 | C106: 5: Longitudinal healing trajectory and time-to-closure prediction | D106: Machine learning models for predicting the risk of hard-to-heal diabetic foot ulcers in a Chinese population | E106: 10.2147/DMSO.S383960
A107: S4 | B107: 296 | C107: 5: Longitudinal healing trajectory and time-to-closure prediction | D107: Temporal machine learning framework for diabetic foot ulcer healing trajectory prediction | E107: 10.1186/s12938-026-01529-2
A108: S4 | B108: 297 | C108: 5: Longitudinal healing trajectory and time-to-closure prediction | D108: Dynamic prediction of time to wound healing at routine wound care visits | E108: 10.1089/wound.2024.0069
A109: S4 | B109: 298 | C109: 5: Longitudinal healing trajectory and time-to-closure prediction | D109: Chronic ulcers healing prediction through machine learning approaches: preliminary results on diabetic foot ulcers case study
A110: S4 | B110: 299 | C110: 5: Longitudinal healing trajectory and time-to-closure prediction | D110: Towards an AI-based objective prognostic model for quantifying wound healing
A111: S4 | B111: 300 | C111: 5: Longitudinal healing trajectory and time-to-closure prediction | D111: Predictive modeling of chronic foot ulcer outcomes using longitudinal photoacoustic imaging
A112: S4 | B112: 302 | C112: 6: Molecular, exudate, biofilm, and treatment-response prediction | D112: Integrated machine learning analysis of proteomic and transcriptomic data identifies healing associated targets in diabetic wound repair
A113: S4 | B113: 305 | C113: 6: Molecular, exudate, biofilm, and treatment-response prediction | D113: Development of an XGBoost-based prediction model for wound recurrence risk in diabetic foot ulcer patients treated with antibiotic-loaded bone cement
A114: S4 | B114: 306 | C114: 6: Molecular, exudate, biofilm, and treatment-response prediction | D114: Healing profiles in patients with a chronic diabetic foot ulcer: An exploratory study with machine learning
A115: S4 | B115: 307 | C115: 7: Recurrence, amputation, mortality, and population-level risk stratification | D115: Personalized prediction of diabetic foot ulcer recurrence in elderly individuals using machine learning paradigms | E115: 10.3233/THC-248023
A116: S4 | B116: 308 | C116: 7: Recurrence, amputation, mortality, and population-level risk stratification | D116: Interpretable machine learning model for predicting recurrence in patients with diabetic foot ulcers
A117: S4 | B117: 310 | C117: 7: Recurrence, amputation, mortality, and population-level risk stratification | D117: Toward machine-learning-based decision support in diabetes care: A risk stratification study on diabetic foot ulcer and amputation | E117: 10.3389/fmed.2020.601602
A118: S4 | B118: 311 | C118: 7: Recurrence, amputation, mortality, and population-level risk stratification | D118: Survival prediction in diabetic foot ulcers: a machine learning approach | E118: 10.3390/jcm12185816
A119: S4 | B119: 312 | C119: 7: Recurrence, amputation, mortality, and population-level risk stratification | D119: An interpreting machine learning models to predict amputation risk in patients with diabetic foot ulcers: a multi-center study
A120: S4 | B120: 321 | C120: 10: Biologically constrained formulation optimization | D120: Machine learning-driven optimization of therapeutic substance composition for high-hardness, fast-dissolving microneedles for androgenetic alopecia treatment | E120: 10.1021/acsnano.5c05505
A121: S4 | B121: 330 | C121: 9: Release-kinetic and exposure-duration optimization | D121: Automated active learning to optimize hydrogel drug release profiles | E121: 10.1016/j.jconrel.2026.114602
A122: S4 | B122: 331 | C122: 9: Release-kinetic and exposure-duration optimization | D122: A hybrid machine learning framework for predicting drug-release profiles, kinetics, and mechanisms of temperature-responsive hydrogels | E122: 10.1007/s00289-025-05645-2
A123: S4 | B123: 340 | C123: 13: Feedback-capable smart dressings with sensing and controlled release | D123: Battery‐free and wireless smart wound dressing for wound infection monitoring and electrically controlled on‐demand drug delivery
A124: S4 | B124: 341 | C124: 13: Feedback-capable smart dressings with sensing and controlled release | D124: A closed-loop smart dressing based on microneedle and electrochemical micropump for early diagnosis and in-time therapy of chronic wound
A125: S4 | B125: 342 | C125: 12: AI-enabled wound-state sensing and classification | D125: Battery-free and AI-enabled multiplexed sensor patches for wound monitoring | E125: 10.1126/sciadv.adg6670
A126: S4 | B126: 343 | C126: 13: Feedback-capable smart dressings with sensing and controlled release | D126: Wireless and closed‐loop smart dressing for exudate management and on‐demand treatment of chronic wounds
A127: S4 | B127: 344 | C127: 13: Feedback-capable smart dressings with sensing and controlled release | D127: A conducting polymer-based array with multiplex sensing and drug delivery capabilities for smart bandages
A128: S4 | B128: 345 | C128: 13: Feedback-capable smart dressings with sensing and controlled release | D128: Wireless matrix metalloproteinase-9 sensing by smart wound dressing with controlled antibacterial nanoparticles release toward chronic wound management | E128: 10.1016/j.bios.2024.116860
A129: S4 | B129: 346 | C129: 14: Wound-cue-mediated adaptive release and integrated therapeutic feedback | D129: Closed‐Loop Responsive Smart Bandages for Dynamic Monitoring and Self‐Regulated Antibacterial Therapy in Wound Healing
A130: S4 | B130: 347 | C130: 14: Wound-cue-mediated adaptive release and integrated therapeutic feedback | D130: A closed-loop patch based on bioinspired infection sensor for wound management | E130: 10.1016/j.nantod.2024.102400
A131: S4 | B131: 348 | C131: 14: Wound-cue-mediated adaptive release and integrated therapeutic feedback | D131: Injectable hydrogels with integrated Ph probes and ultrasound‐responsive microcapsules as smart wound dressings for visual monitoring and on‐demand treatment of chronic wounds
A132: S4 | B132: 349 | C132: 14: Wound-cue-mediated adaptive release and integrated therapeutic feedback | D132: A skin-interfaced three-dimensional closed-loop sensing and therapeutic electronic wound bandage | E132: 10.1038/s41467-025-61261-8
A133: S4 | B133: 351 | C133: 13: Feedback-capable smart dressings with sensing and controlled release | D133: Smart flexible electronics‐integrated wound dressing for real‐time monitoring and on‐demand treatment of infected wounds | E133: 10.1002/advs.201902673
A134: S4 | B134: 352 | C134: 13: Feedback-capable smart dressings with sensing and controlled release | D134: A highly stretchable smart dressing for wound infection monitoring and treatment
A135: S4 | B135: 353 | C135: 14: Wound-cue-mediated adaptive release and integrated therapeutic feedback | D135: Wearable, battery-free, and wireless microneedle-based bioelectronics for robustly-integrated chronic wound management and therapeutic diagnosis
A136: S5 | B136: 356 | C136: 2: • Scalable wound-closure and epithelial-migration screening systems | D136: Wound-on-a-chip: High-throughput 3D wound healing assay with a novel SU-8 mesh chip
A137: S5 | B137: 357 | C137: 2: • Scalable wound-closure and epithelial-migration screening systems | D137: High throughput microfluidic drug screening system for corneal epithelial wound healing
A138: S5 | B138: 358 | C138: 3: • Barrier, ECM, and phenotypic repair screening platforms | D138: Development of tight junction-strengthening compounds using a high-throughput screening system to evaluate cell surface-localized claudin-1 in keratinocytes | E138: 10.1038/s41598-024-53649-1
A139: S5 | B139: 359 | C139: 3: • Barrier, ECM, and phenotypic repair screening platforms | D139: Identification of a novel collagen-like peptide by high-throughput screening for effective wound-healing therapy | E139: 10.1016/j.ijbiomac.2021.01.104
A140: S5 | B140: 360 | C140: 4: • High-content natural-product and nanobiomaterial optimization | D140: High-throughput screening-based design of multifunctional natural polyphenol nano-vesicles to accelerate diabetic wound healing | E140: 10.1186/s12951-024-02950-2
A141: S5 | B141: 361 | C141: 3: • Barrier, ECM, and phenotypic repair screening platforms | D141: Phenotypic screening identifies synergistically acting natural product enhancing the performance of biomaterial based wound healing
A142: S5 | B142: 365 | C142: 5: • Cell-free biologic and regenerative patch screening platforms | D142: Extracellular vesicles enriched with an endothelial cell pro-survival microRNA affects skin tissue regeneration | E142: 10.1016/j.omtn.2022.03.018
A143: S5 | B143: 366 | C143: 5: • Cell-free biologic and regenerative patch screening platforms | D143: Exosomes derived from human amniotic epithelial cells accelerate wound healing and inhibit scar formation
...

Sheet 08_Study_Cohorts
A1: Figure | B1: Main ref | C1: Group
A2: S1 | B2: 105 | C2: 2D early screening models
A3: S1 | B3: 106 | C3: 2D early screening models
A4: S1 | B4: 107 | C4: 2D early screening models
A5: S1 | B5: 108 | C5: 2D early screening models
A6: S1 | B6: 109 | C6: 2D early screening models
A7: S1 | B7: 110 | C7: 3D epidermal models
A8: S1 | B8: 111 | C8: 3D epidermal models
A9: S1 | B9: 112 | C9: 3D epidermal models
A10: S1 | B10: 115 | C10: 3D epidermal models
A11: S1 | B11: 118 | C11: 3D wound models
A12: S1 | B12: 119 | C12: 3D epidermal models
A13: S1 | B13: 122 | C13: 3D wound models
... A97: S4 | B97: 198 | C97: Disease/immune programming
A98: S5 | B98: 58
A99: S5 | B99: 101
A100: S5 | B100: 155
A101: S5 | B101: 158
A102: S5 | B102: 159
A103: S5 | B103: 164
A104: S5 | B104: 166
A105: S5 | B105: 169
A106: S5 | B106: 181
A107: S5 | B107: 182
A108: S5 | B108: 183
A109: S5 | B109: 187
... A117: S5 | B117: 198
A118: S6 | B118: 200 | C118: ROS/redox-responsive
A119: S6 | B119: 200 | C119: pH-responsive
A120: S6 | B120: 201 | C120: ROS/redox-responsive
A121: S6 | B121: 201 | C121: Thermo/NIR or externally actuated
A122: S6 | B122: 201 | C122: pH-responsive
A123: S6 | B123: 202 | C123: Enzyme-responsive
A124: S6 | B124: 206 | C124: Sustained or staged delivery
A125: S6 | B125: 206 | C125: pH-responsive
A126: S6 | B126: 207 | C126: pH-responsive
A127: S6 | B127: 210 | C127: ROS/redox-responsive
A128: S6 | B128: 211 | C128: ROS/redox-responsive
A129: S6 | B129: 211 | C129: Thermo/NIR or externally actuated
... A297: S9 | B297: 353 | C297: AI-ready smart sensing and closed-loop therapeutic platforms
A298: S10 | B298: 356
A299: S10 | B299: 357
A300: S10 | B300: 358
A301: S10 | B301: 359
A302: S10 | B302: 360
A303: S10 | B303: 361
A304: S10 | B304: 365
A305: S10 | B305: 366
A306: S10 | B306: 367
A307: S10 | B307: 369
A308: S10 | B308: 384
A309: S10 | B309: 385
... A365: S11 | B365: 474

Sheet Code_S01
A1: Main_ref | B1: SI_source_table | C1: SI_table_row | D1: Main_article_title | E1: DOI_in_main_register | F1: Group | G1: Domain | H1: Code_0_1 | I1: Proposed_structural_score | J1: Proposed_disease_score | K1: Provenance_note | L1: Source_URL | M1: Bibliography_title_match_pct | N1: Citation_present_in_main
A2: 105 | B2: S1 | C2: 2: Migration assay standardization | D2: Comparison of in vitro scratch wound assay experimental procedures | E2: 10.1016/j.bbrep.2023.101423 | F2: 2D early screening models | G2: Longitudinal/time-resolved | H2: 1 | K2: From 28-study Table S1 source extraction; zero means not evidenced in extracted record | L2: https://pmc.ncbi.nlm.nih.gov/articles/PMC9840221/ | M2: 100.0 | N2: YES
A3: 105 | B3: S1 | C3: 2: Migration assay standardization | D3: Comparison of in vitro scratch wound assay experimental procedures | E3: 10.1016/j.bbrep.2023.101423 | F3: 2D early screening models | G3: Image/segmentation | H3: 1 | K3: From 28-study Table S1 source extraction; zero means not evidenced in extracted record | L3: https://pmc.ncbi.nlm.nih.gov/articles/PMC9840221/ | M3: 100.0 | N3: YES
A4: 105 | B4: S1 | C4: 2: Migration assay standardization | D4: Comparison of in vitro scratch wound assay experimental procedures | E4: 10.1016/j.bbrep.2023.101423 | F4: 2D early screening models | G4: Barrier/permeability | H4: 0 | K4: From 28-study Table S1 source extraction; zero means not evidenced in extracted record | L4: https://pmc.ncbi.nlm.nih.gov/articles/PMC9840221/ | M4: 100.0 | N4: YES
A5: 105 | B5: S1 | C5: 2: Migration assay standardization | D5: Comparison of in vitro scratch wound assay experimental procedures | E5: 10.1016/j.bbrep.2023.101423 | F5: 2D early screening models | G5: Molecular/inflammatory | H5: 0 | K5: From 28-study Table S1 source extraction; zero means not evidenced in extracted record | L5: https://pmc.ncbi.nlm.nih.gov/articles/PMC9840221/ | M5: 100.0 | N5: YES
A6: 105 | B6: S1 | C6: 2: Migration assay standardization | D6: Comparison of in vitro scratch wound assay experimental procedures | E6: 10.1016/j.bbrep.2023.101423 | F6: 2D early screening models | G6: Histology/IHC | H6: 0 | K6: From 28-study Table S1 source extraction; zero means not evidenced in extracted record | L6: https://pmc.ncbi.nlm.nih.gov/articles/PMC9840221/ | M6: 100.0 | N6: YES
A7: 105 | B7: S1 | C7: 2: Migration assay standardization | D7: Comparison of in vitro scratch wound assay experimental procedures | E7: 10.1016/j.bbrep.2023.101423 | F7: 2D early screening models | G7: Mechanical/material | H7: 0 | K7: From 28-study Table S1 source extraction; zero means not evidenced in extracted record | L7: https://pmc.ncbi.nlm.nih.gov/articles/PMC9840221/ | M7: 100.0 | N7: YES
A8: 105 | B8: S1 | C8: 2: Migration assay standardization | D8: Comparison of in vitro scratch wound assay experimental procedures | E8: 10.1016/j.bbrep.2023.101423 | F8: 2D early screening models | G8: Vascular/perfusion | H8: 0 | K8: From 28-study Table S1 source extraction; zero means not evidenced in extracted record | L8: https://pmc.ncbi.nlm.nih.gov/articles/PMC9840221/ | M8: 100.0 | N8: YES
A9: 106 | B9: S1 | C9: 4: 2D assays with acute in vivo validation | D9: ERK activating peptide, AES16-2M promotes wound healing through accelerating migration of keratinocytes | E9: 10.1038/s41598-018-32851-y | F9: 2D early screening models | G9: Longitudinal/time-resolved | H9: 1 | K9: From 28-study Table S1 source extraction; zero means not evidenced in extracted record | L9: https://www.nature.com/articles/s41598-018-32851-y | M9: 100.0 | N9: YES
A10: 106 | B10: S1 | C10: 4: 2D assays with acute in vivo validation | D10: ERK activating peptide, AES16-2M promotes wound healing through accelerating migration of keratinocytes | E10: 10.1038/s41598-018-32851-y | F10: 2D early screening models | G10: Image/segmentation | H10: 1 | K10: From 28-study Table S1 source extraction; zero means not evidenced in extracted record | L10: https://www.nature.com/articles/s41598-018-32851-y | M10: 100.0 | N10: YES
A11: 106 | B11: S1 | C11: 4: 2D assays with acute in vivo validation | D11: ERK activating peptide, AES16-2M promotes wound healing through accelerating migration of keratinocytes | E11: 10.1038/s41598-018-32851-y | F11: 2D early screening models | G11: Barrier/permeability | H11: 0 | K11: From 28-study Table S1 source extraction; zero means not evidenced in extracted record | L11: https://www.nature.com/articles/s41598-018-32851-y | M11: 100.0 | N11: YES
A12: 106 | B12: S1 | C12: 4: 2D assays with acute in vivo validation | D12: ERK activating peptide, AES16-2M promotes wound healing through accelerating migration of keratinocytes | E12: 10.1038/s41598-018-32851-y | F12: 2D early screening models | G12: Molecular/inflammatory | H12: 1 | K12: From 28-study Table S1 source extraction; zero means not evidenced in extracted record | L12: https://www.nature.com/articles/s41598-018-32851-y | M12: 100.0 | N12: YES
A13: 106 | B13: S1 | C13: 4: 2D assays with acute in vivo validation | D13: ERK activating peptide, AES16-2M promotes wound healing through accelerating migration of keratinocytes | E13: 10.1038/s41598-018-32851-y | F13: 2D early screening models | G13: Histology/IHC | H13: 1 | K13: From 28-study Table S1 source extraction; zero means not evidenced in extracted record | L13: https://www.nature.com/articles/s41598-018-32851-y | M13: 100.0 | N13: YES
... A197: 142 | B197: S1 | C197: 19: Disease-relevant diabetic bioprinted skin | D197: Engineering of diseased human skin equivalent using 3D cell printing for representing pathophysiological hallmarks of type 2 diabetes in vitro | E197: 10.1016/j.biomaterials.2021.120776 | F197: Bioprinted models | G197: Vascular/perfusion | H197: 1 | K197: From 28-study Table S1 source extraction; zero means not evidenced in extracted record | L197: https://pubmed.ncbi.nlm.nih.gov/33798956/ | M197: 100.0 | N197: YES

Sheet Matrix_S01
A1: Model class | B1: Longitudinal/time-resolved | C1: Image/segmentation | D1: Barrier/permeability | E1: Molecular/inflammatory | F1: Histology/IHC | G1: Mechanical/material | H1: Vascular/perfusion | I1: Unique studies in class
A2: 2D early screening models | B2: =COUNTIFS('Code_S01'!$F$2:$F$197,SUBSTITUTE($A2,CHAR(10)," "),'Code_S01'!$G$2:$G$197,SUBSTITUTE(B$1,CHAR(10)," "),'Code_S01'!$H$2:$H$197,1) -> 4 | C2: =COUNTIFS('Code_S01'!$F$2:$F$197,SUBSTITUTE($A2,CHAR(10)," "),'Code_S01'!$G$2:$G$197,SUBSTITUTE(C$1,CHAR(10)," "),'Code_S01'!$H$2:$H$197,1) -> 5 | D2: =COUNTIFS('Code_S01'!$F$2:$F$197,SUBSTITUTE($A2,CHAR(10)," "),'Code_S01'!$G$2:$G$197,SUBSTITUTE(D$1,CHAR(10)," "),'Code_S01'!$H$2:$H$197,1) -> 0 | E2: =COUNTIFS('Code_S01'!$F$2:$F$197,SUBSTITUTE($A2,CHAR(10)," "),'Code_S01'!$G$2:$G$197,SUBSTITUTE(E$1,CHAR(10)," "),'Code_S01'!$H$2:$H$197,1) -> 4 | F2: =COUNTIFS('Code_S01'!$F$2:$F$197,SUBSTITUTE($A2,CHAR(10)," "),'Code_S01'!$G$2:$G$197,SUBSTITUTE(F$1,CHAR(10)," "),'Code_S01'!$H$2:$H$197,1) -> 3 | G2: =COUNTIFS('Code_S01'!$F$2:$F$197,SUBSTITUTE($A2,CHAR(10)," "),'Code_S01'!$G$2:$G$197,SUBSTITUTE(G$1,CHAR(10)," "),'Code_S01'!$H$2:$H$197,1) -> 0 | H2: =COUNTIFS('Code_S01'!$F$2:$F$197,SUBSTITUTE($A2,CHAR(10)," "),'Code_S01'!$G$2:$G$197,SUBSTITUTE(H$1,CHAR(10)," "),'Code_S01'!$H$2:$H$197,1) -> 1 | I2: =COUNTIFS('08_Study_Cohorts'!$A$2:$A$365,"S1",'08_Study_Cohorts'!$C$2:$C$365,SUBSTITUTE($A2,CHAR(10)," ")) -> 5
A3: 3D epidermal models | B3: =COUNTIFS('Code_S01'!$F$2:$F$197,SUBSTITUTE($A3,CHAR(10)," "),'Code_S01'!$G$2:$G$197,SUBSTITUTE(B$1,CHAR(10)," "),'Code_S01'!$H$2:$H$197,1) -> 0 | C3: =COUNTIFS('Code_S01'!$F$2:$F$197,SUBSTITUTE($A3,CHAR(10)," "),'Code_S01'!$G$2:$G$197,SUBSTITUTE(C$1,CHAR(10)," "),'Code_S01'!$H$2:$H$197,1) -> 5 | D3: =COUNTIFS('Code_S01'!$F$2:$F$197,SUBSTITUTE($A3,CHAR(10)," "),'Code_S01'!$G$2:$G$197,SUBSTITUTE(D$1,CHAR(10)," "),'Code_S01'!$H$2:$H$197,1) -> 3 | E3: =COUNTIFS('Code_S01'!$F$2:$F$197,SUBSTITUTE($A3,CHAR(10)," "),'Code_S01'!$G$2:$G$197,SUBSTITUTE(E$1,CHAR(10)," "),'Code_S01'!$H$2:$H$197,1) -> 1 | F3: =COUNTIFS('Code_S01'!$F$2:$F$197,SUBSTITUTE($A3,CHAR(10)," "),'Code_S01'!$G$2:$G$197,SUBSTITUTE(F$1,CHAR(10)," "),'Code_S01'!$H$2:$H$197,1) -> 5 | G3: =COUNTIFS('Code_S01'!$F$2:$F$197,SUBSTITUTE($A3,CHAR(10)," "),'Code_S01'!$G$2:$G$197,SUBSTITUTE(G$1,CHAR(10)," "),'Code_S01'!$H$2:$H$197,1) -> 0 | H3: =COUNTIFS('Code_S01'!$F$2:$F$197,SUBSTITUTE($A3,CHAR(10)," "),'Code_S01'!$G$2:$G$197,SUBSTITUTE(H$1,CHAR(10)," "),'Code_S01'!$H$2:$H$197,1) -> 0 | I3: =COUNTIFS('08_Study_Cohorts'!$A$2:$A$365,"S1",'08_Study_Cohorts'!$C$2:$C$365,SUBSTITUTE($A3,CHAR(10)," ")) -> 5
A4: 3D wound models | B4: =COUNTIFS('Code_S01'!$F$2:$F$197,SUBSTITUTE($A4,CHAR(10)," "),'Code_S01'!$G$2:$G$197,SUBSTITUTE(B$1,CHAR(10)," "),'Code_S01'!$H$2:$H$197,1) -> 8 | C4: =COUNTIFS('Code_S01'!$F$2:$F$197,SUBSTITUTE($A4,CHAR(10)," "),'Code_S01'!$G$2:$G$197,SUBSTITUTE(C$1,CHAR(10)," "),'Code_S01'!$H$2:$H$197,1) -> 8 | D4: =COUNTIFS('Code_S01'!$F$2:$F$197,SUBSTITUTE($A4,CHAR(10)," "),'Code_S01'!$G$2:$G$197,SUBSTITUTE(D$1,CHAR(10)," "),'Code_S01'!$H$2:$H$197,1) -> 1 | E4: =COUNTIFS('Code_S01'!$F$2:$F$197,SUBSTITUTE($A4,CHAR(10)," "),'Code_S01'!$G$2:$G$197,SUBSTITUTE(E$1,CHAR(10)," "),'Code_S01'!$H$2:$H$197,1) -> 5 | F4: =COUNTIFS('Code_S01'!$F$2:$F$197,SUBSTITUTE($A4,CHAR(10)," "),'Code_S01'!$G$2:$G$197,SUBSTITUTE(F$1,CHAR(10)," "),'Code_S01'!$H$2:$H$197,1) -> 7 | G4: =COUNTIFS('Code_S01'!$F$2:$F$197,SUBSTITUTE($A4,CHAR(10)," "),'Code_S01'!$G$2:$G$197,SUBSTITUTE(G$1,CHAR(10)," "),'Code_S01'!$H$2:$H$197,1) -> 2 | H4: =COUNTIFS('Code_S01'!$F$2:$F$197,SUBSTITUTE($A4,CHAR(10)," "),'Code_S01'!$G$2:$G$197,SUBSTITUTE(H$1,CHAR(10)," "),'Code_S01'!$H$2:$H$197,1) -> 2 | I4: =COUNTIFS('08_Study_Cohorts'!$A$2:$A$365,"S1",'08_Study_Cohorts'!$C$2:$C$365,SUBSTITUTE($A4,CHAR(10)," ")) -> 8
A5: Bioprinted models | B5: =COUNTIFS('Code_S01'!$F$2:$F$197,SUBSTITUTE($A5,CHAR(10)," "),'Code_S01'!$G$2:$G$197,SUBSTITUTE(B$1,CHAR(10)," "),'Code_S01'!$H$2:$H$197,1) -> 10 | C5: =COUNTIFS('Code_S01'!$F$2:$F$197,SUBSTITUTE($A5,CHAR(10)," "),'Code_S01'!$G$2:$G$197,SUBSTITUTE(C$1,CHAR(10)," "),'Code_S01'!$H$2:$H$197,1) -> 10 | D5: =COUNTIFS('Code_S01'!$F$2:$F$197,SUBSTITUTE($A5,CHAR(10)," "),'Code_S01'!$G$2:$G$197,SUBSTITUTE(D$1,CHAR(10)," "),'Code_S01'!$H$2:$H$197,1) -> 1 | E5: =COUNTIFS('Code_S01'!$F$2:$F$197,SUBSTITUTE($A5,CHAR(10)," "),'Code_S01'!$G$2:$G$197,SUBSTITUTE(E$1,CHAR(10)," "),'Code_S01'!$H$2:$H$197,1) -> 5 | F5: =COUNTIFS('Code_S01'!$F$2:$F$197,SUBSTITUTE($A5,CHAR(10)," "),'Code_S01'!$G$2:$G$197,SUBSTITUTE(F$1,CHAR(10)," "),'Code_S01'!$H$2:$H$197,1) -> 10 | G5: =COUNTIFS('Code_S01'!$F$2:$F$197,SUBSTITUTE($A5,CHAR(10)," "),'Code_S01'!$G$2:$G$197,SUBSTITUTE(G$1,CHAR(10)," "),'Code_S01'!$H$2:$H$197,1) -> 9 | H5: =COUNTIFS('Code_S01'!$F$2:$F$197,SUBSTITUTE($A5,CHAR(10)," "),'Code_S01'!$G$2:$G$197,SUBSTITUTE(H$1,CHAR(10)," "),'Code_S01'!$H$2:$H$197,1) -> 7 | I5: =COUNTIFS('08_Study_Cohorts'!$A$2:$A$365,"S1",'08_Study_Cohorts'!$C$2:$C$365,SUBSTITUTE($A5,CHAR(10)," ")) -> 10

Sheet Code_S02
A1: Main_ref | B1: SI_source_table | C1: SI_table_row | D1: Main_article_title | E1: DOI_in_main_register | F1: Group | G1: Domain | H1: Code_0_1 | I1: Proposed_structural_score | J1: Proposed_disease_score | K1: Provenance_note | L1: Source_URL | M1: Bibliography_title_match_pct | N1: Citation_present_in_main
A2: 105 | B2: S1 | C2: 2: Migration assay standardization | D2: Comparison of in vitro scratch wound assay experimental procedures | E2: 10.1016/j.bbrep.2023.101423 | F2: 2D early screening models | G2: Non-destructive same-sample serial tracking | H2: 1 | K2: IncuCyte repeated live-cell imaging every 4 h for 72 h (same monolayer). | L2: https://pmc.ncbi.nlm.nih.gov/articles/PMC9840221/ | M2: 100.0 | N2: YES
A3: 106 | B3: S1 | C3: 4: 2D assays with acute in vivo validation | D3: ERK activating peptide, AES16-2M promotes wound healing through accelerating migration of keratinocytes | E3: 10.1038/s41598-018-32851-y | F3: 2D early screening models | G3: 3+ sampling times | H3: 1 | K3: In vivo wound monitoring across days; 2D in-vitro assay is predominantly before/after. This uses study-level scope, not 2D-only scope. | L3: https://www.nature.com/articles/s41598-018-32851-y | M3: 100.0 | N3: YES
A4: 107 | B4: S1 | C4: 3: 2D therapeutic-response assays | D4: Effects of Periploca forrestii Schltr on wound healing by Src meditated Mek/Erk and PI3K/Akt signals | E4: 10.1016/j.jep.2019.03.046 | F4: 2D early screening models | G4: 3+ sampling times | H4: 1 | K4: Scratch images at 0,12,24,48 h and serial acute in vivo images. | L4: https://pubmed.ncbi.nlm.nih.gov/30905787/ | M4: 100.0 | N4: YES
A5: 108 | B5: S1 | C5: 2: Migration assay standardization | D5: Microscopy based methods for the assessment of epithelial cell migration during in vitro wound healing | E5: 10.3791/56799 | F5: 2D early screening models | G5: Two-point pre/post | H5: 1 | K5: Gap measured before/after (approximately 19 h), without a documented three-point series. | L5: https://pmc.ncbi.nlm.nih.gov/articles/PMC5908412/ | M5: 100.0 | N5: YES
A6: 109 | B6: S1 | C6: 3: 2D therapeutic-response assays | D6: Establishment of a cell-based wound healing assay for bio-relevant testing of wound therapeutics | E6: 10.1016/j.vascn.2017.10.003 | F6: 2D early screening models | G6: 3+ sampling times | H6: 1 | K6: Wound size measured serially up to 48-96 h. | L6: https://www.sciencedirect.com/science/article/abs/pii/S1056871917301363 | M6: 100.0 | N6: YES
A7: 110 | B7: S1 | C7: 6: Reconstructed epidermis for barrier and irritation testing | D7: Property characterization of reconstructed human epidermis equivalents, and performance as a skin irritation model | E7: 10.1016/j.tiv.2018.07.005 | F7: 3D epidermal models | G7: Endpoint-dominant | H7: 1 | K7: Culture followed over days, but wound/irritation effects are endpoint tests; culture age not time-depth. | L7: https://pubmed.ncbi.nlm.nih.gov/30053440/ | M7: 100.0 | N7: YES
A8: 111 | B8: S1 | C8: 6: Reconstructed epidermis for barrier and irritation testing | D8: A new reconstructed human epidermis for in vitro skin irritation testing | E8: 10.1016/j.tiv.2017.03.010 | F8: 3D epidermal models | G8: Endpoint-dominant | H8: 1 | K8: Repeated replicates are not outcome time-series; irritation has terminal viability. | L8: https://www.sciencedirect.com/science/article/pii/S0887233317300747 | M8: 100.0 | N8: YES
A9: 112 | B9: S1 | C9: 7: Epidermal and full-thickness toxicity comparison | D9: Skin corrosion test: A comparison between reconstructed human epidermis and full thickness skin models | E9: 10.1016/j.ejpb.2018.01.002 | F9: 3D epidermal models | G9: Endpoint-dominant | H9: 1 | K9: Different corrosive exposure durations are separate terminal tests, not a longitudinal response trajectory. | L9: https://www.sciencedirect.com/science/article/pii/S0939641117312821 | M9: 100.0 | N9: YES
A10: 115 | B10: S1 | C10: 7: Epidermal and full-thickness toxicity comparison | D10: Skin toxicity assessment of silver nanoparticles in a 3D epidermal model compared to 2D keratinocytes | E10: 10.2147/IJN.S225451 | F10: 3D epidermal models | G10: Endpoint-dominant | H10: 1 | K10: Acute 24 h nanoparticle exposure assessed at endpoint; culture duration does not count. | L10: https://pmc.ncbi.nlm.nih.gov/articles/PMC6910103/ | M10: 100.0 | N10: YES
A11: 122 | B11: S1 | C11: 10: Matrix-based 3D wound constructs | D11: Keratinocyte migration in a three-dimensional in vitro wound healing model co-cultured with fibroblasts | E11: 10.1007/s13770-018-0145-7 | F11: 3D wound models | G11: Non-destructive same-sample serial tracking | H11: 1 | K11: Bright-field keratinocyte migration followed daily in the SAME 3D culture (non-destructive), so score 3 rather than original score 2. | L11: https://pmc.ncbi.nlm.nih.gov/articles/PMC6250652/ | M11: 100.0 | N11: YES
A12: 118 | B12: S1 | C12: 11: Longitudinal non-invasive wound monitoring | D12: New Methodological Approach to Follow the Re‐Epithelialisation Phase in the Wound Healing Process on a 3D Full Thickness Skin Model | E12: 10.1111/exd.70137 | F12: 3D wound models | G12: Non-destructive same-sample serial tracking | H12: 1 | K12: Non-invasive OCT repeatedly evaluated the 3D wound model on D13-D17 and D20. | L12: https://onlinelibrary.wiley.com/doi/10.1111/exd.70137 | M12: 100.0 | N12: YES
A13: 119 | B13: S1 | C13: 8: Automated epidermal digital pathology | D13: Assessment of skin toxicity in an in vitro reconstituted human epidermis model using deep learning | E13: 10.1016/j.ajpath.2021.12.007 | F13: 3D epidermal models | G13: Endpoint-dominant | H13: 1 | K13: Drug dosed daily for four days but tissue thickness quantified at terminal histology only. | L13: https://www.sciencedirect.com/science/article/pii/S0002944022000074 | M13: 100.0 | N13: YES
... A29: 142 | B29: S1 | C29: 19: Disease-relevant diabetic bioprinted skin | D29: Engineering of diseased human skin equivalent using 3D cell printing for representing pathophysiological hallmarks of type 2 diabetes in vitro | E29: 10.1016/j.biomaterials.2021.120776 | F29: Bioprinted models | G29: 3+ sampling times | H29: 1 | K29: Metabolic/inflammatory measurements over 6,12,24 h and distinct treatment windows; no validated same-sample non-destructive wound trajectory. | L29: https://pubmed.ncbi.nlm.nih.gov/33798956/ | M29: 100.0 | N29: YES

Sheet Matrix_S02
A1: Model class | B1: Endpoint-dominant | C1: Two-point pre/post | D1: 3+ sampling times | E1: Non-destructive same-sample serial tracking | F1: Unique studies in class
A2: 2D early screening models | B2: =COUNTIFS('Code_S02'!$F$2:$F$29,SUBSTITUTE($A2,CHAR(10)," "),'Code_S02'!$G$2:$G$29,SUBSTITUTE(B$1,CHAR(10)," "),'Code_S02'!$H$2:$H$29,1) -> 0 | C2: =COUNTIFS('Code_S02'!$F$2:$F$29,SUBSTITUTE($A2,CHAR(10)," "),'Code_S02'!$G$2:$G$29,SUBSTITUTE(C$1,CHAR(10)," "),'Code_S02'!$H$2:$H$29,1) -> 1 | D2: =COUNTIFS('Code_S02'!$F$2:$F$29,SUBSTITUTE($A2,CHAR(10)," "),'Code_S02'!$G$2:$G$29,SUBSTITUTE(D$1,CHAR(10)," "),'Code_S02'!$H$2:$H$29,1) -> 3 | E2: =COUNTIFS('Code_S02'!$F$2:$F$29,SUBSTITUTE($A2,CHAR(10)," "),'Code_S02'!$G$2:$G$29,SUBSTITUTE(E$1,CHAR(10)," "),'Code_S02'!$H$2:$H$29,1) -> 1 | F2: =COUNTIFS('08_Study_Cohorts'!$A$2:$A$365,"S2",'08_Study_Cohorts'!$C$2:$C$365,SUBSTITUTE($A2,CHAR(10)," ")) -> 5
A3: 3D epidermal models | B3: =COUNTIFS('Code_S02'!$F$2:$F$29,SUBSTITUTE($A3,CHAR(10)," "),'Code_S02'!$G$2:$G$29,SUBSTITUTE(B$1,CHAR(10)," "),'Code_S02'!$H$2:$H$29,1) -> 5 | C3: =COUNTIFS('Code_S02'!$F$2:$F$29,SUBSTITUTE($A3,CHAR(10)," "),'Code_S02'!$G$2:$G$29,SUBSTITUTE(C$1,CHAR(10)," "),'Code_S02'!$H$2:$H$29,1) -> 0 | D3: =COUNTIFS('Code_S02'!$F$2:$F$29,SUBSTITUTE($A3,CHAR(10)," "),'Code_S02'!$G$2:$G$29,SUBSTITUTE(D$1,CHAR(10)," "),'Code_S02'!$H$2:$H$29,1) -> 0 | E3: =COUNTIFS('Code_S02'!$F$2:$F$29,SUBSTITUTE($A3,CHAR(10)," "),'Code_S02'!$G$2:$G$29,SUBSTITUTE(E$1,CHAR(10)," "),'Code_S02'!$H$2:$H$29,1) -> 0 | F3: =COUNTIFS('08_Study_Cohorts'!$A$2:$A$365,"S2",'08_Study_Cohorts'!$C$2:$C$365,SUBSTITUTE($A3,CHAR(10)," ")) -> 5
A4: 3D wound models | B4: =COUNTIFS('Code_S02'!$F$2:$F$29,SUBSTITUTE($A4,CHAR(10)," "),'Code_S02'!$G$2:$G$29,SUBSTITUTE(B$1,CHAR(10)," "),'Code_S02'!$H$2:$H$29,1) -> 0 | C4: =COUNTIFS('Code_S02'!$F$2:$F$29,SUBSTITUTE($A4,CHAR(10)," "),'Code_S02'!$G$2:$G$29,SUBSTITUTE(C$1,CHAR(10)," "),'Code_S02'!$H$2:$H$29,1) -> 0 | D4: =COUNTIFS('Code_S02'!$F$2:$F$29,SUBSTITUTE($A4,CHAR(10)," "),'Code_S02'!$G$2:$G$29,SUBSTITUTE(D$1,CHAR(10)," "),'Code_S02'!$H$2:$H$29,1) -> 4 | E4: =COUNTIFS('Code_S02'!$F$2:$F$29,SUBSTITUTE($A4,CHAR(10)," "),'Code_S02'!$G$2:$G$29,SUBSTITUTE(E$1,CHAR(10)," "),'Code_S02'!$H$2:$H$29,1) -> 4 | F4: =COUNTIFS('08_Study_Cohorts'!$A$2:$A$365,"S2",'08_Study_Cohorts'!$C$2:$C$365,SUBSTITUTE($A4,CHAR(10)," ")) -> 8
A5: Bioprinted models | B5: =COUNTIFS('Code_S02'!$F$2:$F$29,SUBSTITUTE($A5,CHAR(10)," "),'Code_S02'!$G$2:$G$29,SUBSTITUTE(B$1,CHAR(10)," "),'Code_S02'!$H$2:$H$29,1) -> 0 | C5: =COUNTIFS('Code_S02'!$F$2:$F$29,SUBSTITUTE($A5,CHAR(10)," "),'Code_S02'!$G$2:$G$29,SUBSTITUTE(C$1,CHAR(10)," "),'Code_S02'!$H$2:$H$29,1) -> 0 | D5: =COUNTIFS('Code_S02'!$F$2:$F$29,SUBSTITUTE($A5,CHAR(10)," "),'Code_S02'!$G$2:$G$29,SUBSTITUTE(D$1,CHAR(10)," "),'Code_S02'!$H$2:$H$29,1) -> 10 | E5: =COUNTIFS('Code_S02'!$F$2:$F$29,SUBSTITUTE($A5,CHAR(10)," "),'Code_S02'!$G$2:$G$29,SUBSTITUTE(E$1,CHAR(10)," "),'Code_S02'!$H$2:$H$29,1) -> 0 | F5: =COUNTIFS('08_Study_Cohorts'!$A$2:$A$365,"S2",'08_Study_Cohorts'!$C$2:$C$365,SUBSTITUTE($A5,CHAR(10)," ")) -> 10

Sheet Code_S03
A1: Main_ref | B1: SI_source_table | C1: SI_table_row | D1: Main_article_title | E1: DOI_in_main_register | F1: Group | G1: Domain | H1: Code_0_1 | I1: Proposed_structural_score | J1: Proposed_disease_score | K1: Provenance_note | L1: Source_URL | M1: Bibliography_title_match_pct | N1: Citation_present_in_main
A2: 166 | B2: S2 | C2: 7: Perfused reconstructed skin-on-chip for transdermal diffusion | D2: In silico approach for validating organ-on-chips: exemplifying through a skin-on-chip device | E2: 10.1007/s10404-025-02863-y | F2: Barrier/permeation exposure | G2: Barrier or permeation | H2: 1 | K2: Provided article-level Table S2 coding (renumbered to current main bibliography) | L2: https://doi.org/10.1007/s10404-025-02863-y | M2: 100.0 | N2: YES
A3: 181 | B3: S2 | C3: 8: Perfused 3D skin-on-chip for barrier validation and drug permeation | D3: A 3D microfluidic model for preclinical drug permeation studies: Advancing validation of skin-on-chip technology | E3: 10.1016/j.jpba.2025.117187 | F3: Barrier/permeation exposure | G3: Barrier or permeation | H3: 1 | K3: Provided article-level Table S2 coding (renumbered to current main bibliography) | L3: https://doi.org/10.1016/j.jpba.2025.117187 | M3: 100.0 | N3: YES
A4: 192 | B4: S2 | C4: 9: Ex vivo and surrogate skin dynamic permeation platforms | D4: Skin-on-a-chip device for ex vivo monitoring of transdermal delivery of drugs—design, fabrication, and testing | E4: 10.3390/pharmaceutics11090445 | F4: Barrier/permeation exposure | G4: Barrier or permeation | H4: 1 | K4: Provided article-level Table S2 coding (renumbered to current main bibliography) | L4: https://doi.org/10.3390/pharmaceutics11090445 | M4: 100.0 | N4: YES
A5: 193 | B5: S2 | C5: 9: Ex vivo and surrogate skin dynamic permeation platforms | D5: Comparison between Franz diffusion cell and a novel micro-physiological system for in vitro penetration assay using different skin models | E5: 10.1016/j.slast.2021.12.006 | F5: Barrier/permeation exposure | G5: Barrier or permeation | H5: 1 | K5: Provided article-level Table S2 coding (renumbered to current main bibliography) | L5: https://doi.org/10.1016/j.slast.2021.12.006 | M5: 100.0 | N5: YES
A6: 194 | B6: S2 | C6: 10: Skin-linked systemic toxicity chips | D6: Microphysiological heart–liver body-on-a-chip system with a skin mimic for evaluating topical drug delivery | E6: 10.1039/c9lc00861f | F6: Barrier/permeation exposure | G6: Barrier or permeation | H6: 1 | K6: Provided article-level Table S2 coding (renumbered to current main bibliography) | L6: https://doi.org/10.1039/c9lc00861f | M6: 100.0 | N6: YES
A7: 195 | B7: S2 | C7: 10: Skin-linked systemic toxicity chips | D7: Toxicity of topically applied drugs beyond skin irritation: Static skin model vs | E7: 10.1016/j.ijpharm.2020.119788 | F7: Barrier/permeation exposure | G7: Barrier or permeation | H7: 1 | K7: Provided article-level Table S2 coding (renumbered to current main bibliography) | L7: https://doi.org/10.1016/j.ijpharm.2020.119788 | M7: 100.0 | N7: YES
A8: 166 | B8: S2 | C8: 7: Perfused reconstructed skin-on-chip for transdermal diffusion | D8: In silico approach for validating organ-on-chips: exemplifying through a skin-on-chip device | E8: 10.1007/s10404-025-02863-y | F8: Barrier/permeation exposure | G8: Flow or perfusion control | H8: 1 | K8: Provided article-level Table S2 coding (renumbered to current main bibliography) | L8: https://doi.org/10.1007/s10404-025-02863-y | M8: 100.0 | N8: YES
A9: 181 | B9: S2 | C9: 8: Perfused 3D skin-on-chip for barrier validation and drug permeation | D9: A 3D microfluidic model for preclinical drug permeation studies: Advancing validation of skin-on-chip technology | E9: 10.1016/j.jpba.2025.117187 | F9: Barrier/permeation exposure | G9: Flow or perfusion control | H9: 1 | K9: Provided article-level Table S2 coding (renumbered to current main bibliography) | L9: https://doi.org/10.1016/j.jpba.2025.117187 | M9: 100.0 | N9: YES
A10: 192 | B10: S2 | C10: 9: Ex vivo and surrogate skin dynamic permeation platforms | D10: Skin-on-a-chip device for ex vivo monitoring of transdermal delivery of drugs—design, fabrication, and testing | E10: 10.3390/pharmaceutics11090445 | F10: Barrier/permeation exposure | G10: Flow or perfusion control | H10: 1 | K10: Provided article-level Table S2 coding (renumbered to current main bibliography) | L10: https://doi.org/10.3390/pharmaceutics11090445 | M10: 100.0 | N10: YES
A11: 193 | B11: S2 | C11: 9: Ex vivo and surrogate skin dynamic permeation platforms | D11: Comparison between Franz diffusion cell and a novel micro-physiological system for in vitro penetration assay using different skin models | E11: 10.1016/j.slast.2021.12.006 | F11: Barrier/permeation exposure | G11: Flow or perfusion control | H11: 1 | K11: Provided article-level Table S2 coding (renumbered to current main bibliography) | L11: https://doi.org/10.1016/j.slast.2021.12.006 | M11: 100.0 | N11: YES
A12: 194 | B12: S2 | C12: 10: Skin-linked systemic toxicity chips | D12: Microphysiological heart–liver body-on-a-chip system with a skin mimic for evaluating topical drug delivery | E12: 10.1039/c9lc00861f | F12: Barrier/permeation exposure | G12: Flow or perfusion control | H12: 1 | K12: Provided article-level Table S2 coding (renumbered to current main bibliography) | L12: https://doi.org/10.1039/c9lc00861f | M12: 100.0 | N12: YES
A13: 195 | B13: S2 | C13: 10: Skin-linked systemic toxicity chips | D13: Toxicity of topically applied drugs beyond skin irritation: Static skin model vs | E13: 10.1016/j.ijpharm.2020.119788 | F13: Barrier/permeation exposure | G13: Flow or perfusion control | H13: 1 | K13: Provided article-level Table S2 coding (renumbered to current main bibliography) | L13: https://doi.org/10.1016/j.ijpharm.2020.119788 | M13: 100.0 | N13: YES
... A26: 164 | B26: S2 | C26: 5: Oxygen-gradient angiogenesis module | D26: Studying sprouting angiogenesis under combination of oxygen gradients and co-culture of fibroblasts using microfluidic cell culture model | E26: 10.1016/j.mtbio.2023.100703 | F26: Controlled microfluidic perturbation | G26: Oxygen or angiogenic cues | H26: 1 | K26: Provided article-level Table S2 coding (renumbered to current main bibliography) | L26: https://doi.org/10.1016/j.mtbio.2023.100703 | M26: 100.0 | N26: YES
A27: 58 | B27: S2 | C27: 12: Perfused inflammatory full-thickness skin-on-chip model for drug-response testing | D27: Analysis of drug efficacy for inflammatory skin on an organ-chip system | F27: Disease/immune programming | G27: Barrier or permeation | H27: 1 | K27: Source-specific correction from Quan et al. 2022, not Gard et al. 2023; full-text primary source verified. Provided article-level Table S2 coding (renumbered to current main bibliography) | L27: https://doi.org/10.3389/fbioe.2022.939629 | M27: 100.0 | N27: YES
A28: 169 | B28: S2 | C28: 13: Infection-activated vessel-on-chip | D28: An in vitro human vessel model to study Neisseria meningitidis colonization and vascular damages | E28: 10.7554/eLife.107813 | F28: Disease/immune programming | G28: Barrier or permeation | H28: 1 | K28: Provided article-level Table S2 coding (renumbered to current main bibliography) | L28: https://doi.org/10.7554/eLife.107813 | M28: 100.0 | N28: YES
A29: 198 | B29: S2 | C29: 16: Epidermal pruritus and barrier-support skin-on-chip | D29: Skin-on-Chip and clinical evaluation of the soothing potential of a topical natural treatment for atopic-prone skin: An exploratory study | E29: 10.1016/j.biopha.2025.118957 | F29: Disease/immune programming | G29: Barrier or permeation | H29: 1 | K29: Provided article-level Table S2 coding (renumbered to current main bibliography) | L29: https://doi.org/10.1016/j.biopha.2025.118957 | M29: 100.0 | N29: YES
A30: 58 | B30: S2 | C30: 12: Perfused inflammatory full-thickness skin-on-chip model for drug-response testing | D30: Analysis of drug efficacy for inflammatory skin on an organ-chip system | F30: Disease/immune programming | G30: Flow or perfusion control | H30: 1 | K30: Source-specific correction from Quan et al. 2022, not Gard et al. 2023; full-text primary source verified. Provided article-level Table S2 coding (renumbered to current main bibliography) | L30: https://doi.org/10.3389/fbioe.2022.939629 | M30: 100.0 | N30: YES
A31: 169 | B31: S2 | C31: 13: Infection-activated vessel-on-chip | D31: An in vitro human vessel model to study Neisseria meningitidis colonization and vascular damages | E31: 10.7554/eLife.107813 | F31: Disease/immune programming | G31: Flow or perfusion control | H31: 1 | K31: Provided article-level Table S2 coding (renumbered to current main bibliography) | L31: https://doi.org/10.7554/eLife.107813 | M31: 100.0 | N31: YES
A32: 196 | B32: S2 | C32: 14: Dynamic reconstructed skin-on-chip for topical sensitizer response | D32: Proof-of-concept organ-on-chip study: topical cinnamaldehyde exposure of reconstructed human skin with integrated neopapillae cultured under dynamic flow | E32: 10.3390/pharmaceutics14081529 | F32: Disease/immune programming | G32: Flow or perfusion control | H32: 1 | K32: Provided article-level Table S2 coding (renumbered to current main bibliography) | L32: https://doi.org/10.3390/pharmaceutics14081529 | M32: 100.0 | N32: YES
A33: 197 | B33: S2 | C33: 15: Perfused inflammatory skin-on-chip with rapid cytokine detection | D33: Skin-on-a-Chip Coupled with a Rapid Inflammation Detection System for Cosmetic Ingredient Screening | F33: Disease/immune programming | G33: Flow or perfusion control | H33: 1 | K33: Provided article-level Table S2 coding (renumbered to current main bibliography) | M33: 100.0 | N33: YES
A34: 198 | B34: S2 | C34: 16: Epidermal pruritus and barrier-support skin-on-chip | D34: Skin-on-Chip and clinical evaluation of the soothing potential of a topical natural treatment for atopic-prone skin: An exploratory study | E34: 10.1016/j.biopha.2025.118957 | F34: Disease/immune programming | G34: Flow or perfusion control | H34: 1 | K34: Provided article-level Table S2 coding (renumbered to current main bibliography) | L34: https://doi.org/10.1016/j.biopha.2025.118957 | M34: 100.0 | N34: YES
A35: 169 | B35: S2 | C35: 13: Infection-activated vessel-on-chip | D35: An in vitro human vessel model to study Neisseria meningitidis colonization and vascular damages | E35: 10.7554/eLife.107813 | F35: Disease/immune programming | G35: Infection or microbial state | H35: 1 | K35: Provided article-level Table S2 coding (renumbered to current main bibliography) | L35: https://doi.org/10.7554/eLife.107813 | M35: 100.0 | N35: YES
A36: 58 | B36: S2 | C36: 12: Perfused inflammatory full-thickness skin-on-chip model for drug-response testing | D36: Analysis of drug efficacy for inflammatory skin on an organ-chip system | F36: Disease/immune programming | G36: Inflammation or immune state | H36: 1 | K36: Source-specific correction from Quan et al. 2022, not Gard et al. 2023; full-text primary source verified. Provided article-level Table S2 coding (renumbered to current main bibliography) | L36: https://doi.org/10.3389/fbioe.2022.939629 | M36: 100.0 | N36: YES
A37: 169 | B37: S2 | C37: 13: Infection-activated vessel-on-chip | D37: An in vitro human vessel model to study Neisseria meningitidis colonization and vascular damages | E37: 10.7554/eLife.107813 | F37: Disease/immune programming | G37: Inflammation or immune state | H37: 1 | K37: Provided article-level Table S2 coding (renumbered to current main bibliography) | L37: https://doi.org/10.7554/eLife.107813 | M37: 100.0 | N37: YES
A38: 196 | B38: S2 | C38: 14: Dynamic reconstructed skin-on-chip for topical sensitizer response | D38: Proof-of-concept organ-on-chip study: topical cinnamaldehyde exposure of reconstructed human skin with integrated neopapillae cultured under dynamic flow | E38: 10.3390/pharmaceutics14081529 | F38: Disease/immune programming | G38: Inflammation or immune state | H38: 1 | K38: Provided article-level Table S2 coding (renumbered to current main bibliography) | L38: https://doi.org/10.3390/pharmaceutics14081529 | M38: 100.0 | N38: YES
A39: 197 | B39: S2 | C39: 15: Perfused inflammatory skin-on-chip with rapid cytokine detection | D39: Skin-on-a-Chip Coupled with a Rapid Inflammation Detection System for Cosmetic Ingredient Screening | F39: Disease/immune programming | G39: Inflammation or immune state | H39: 1 | K39: Provided article-level Table S2 coding (renumbered to current main bibliography) | M39: 100.0 | N39: YES
A40: 198 | B40: S2 | C40: 16: Epidermal pruritus and barrier-support skin-on-chip | D40: Skin-on-Chip and clinical evaluation of the soothing potential of a topical natural treatment for atopic-prone skin: An exploratory study | E40: 10.1016/j.biopha.2025.118957 | F40: Disease/immune programming | G40: Inflammation or immune state | H40: 1 | K40: Provided article-level Table S2 coding (renumbered to current main bibliography) | L40: https://doi.org/10.1016/j.biopha.2025.118957 | M40: 100.0 | N40: YES
A41: 101 | B41: S2 | C41: 18: Multiplexed wound-exudate sensing patches | D41: A flexible multiplexed immunosensor for point-of-care in situ wound monitoring | E41: 10.1126/sciadv.abg9614 | F41: Wound-state sensing | G41: Infection or microbial state | H41: 1 | K41: Provided article-level Table S2 coding (renumbered to current main bibliography) | L41: https://doi.org/10.1126/sciadv.abg9614 | M41: 100.0 | N41: YES
A42: 101 | B42: S2 | C42: 18: Multiplexed wound-exudate sensing patches | D42: A flexible multiplexed immunosensor for point-of-care in situ wound monitoring | E42: 10.1126/sciadv.abg9614 | F42: Wound-state sensing | G42: Inflammation or immune state | H42: 1 | K42: Provided article-level Table S2 coding (renumbered to current main bibliography) | L42: https://doi.org/10.1126/sciadv.abg9614 | M42: 100.0 | N42: YES
A43: 101 | B43: S2 | C43: 18: Multiplexed wound-exudate sensing patches | D43: A flexible multiplexed immunosensor for point-of-care in situ wound monitoring | E43: 10.1126/sciadv.abg9614 | F43: Wound-state sensing | G43: Metabolic or biochemical sensing | H43: 1 | K43: Provided article-level Table S2 coding (renumbered to current main bibliography) | L43: https://doi.org/10.1126/sciadv.abg9614 | M43: 100.0 | N43: YES
A44: 182 | B44: S2 | C44: 18: Multiplexed wound-exudate sensing patches | D44: A flexible and multimodal biosensing patch integrated with microfluidics for chronic wound monitoring | E44: 10.1016/j.cej.2024.157673 | F44: Wound-state sensing | G44: Metabolic or biochemical sensing | H44: 1 | K44: Provided article-level Table S2 coding (renumbered to current main bibliography) | L44: https://doi.org/10.1016/j.cej.2024.157673 | M44: 100.0 | N44: YES
A45: 183 | B45: S2 | C45: 19: Battery-free lactate prognostic wound monitor | D45: A miniaturized, battery‐free, wireless wound monitor that predicts wound closure rate early | E45: 10.1002/adhm.202301280 | F45: Wound-state sensing | G45: Metabolic or biochemical sensing | H45: 1 | K45: Provided article-level Table S2 coding (renumbered to current main bibliography) | L45: https://doi.org/10.1002/adhm.202301280 | M45: 100.0 | N45: YES

Sheet Matrix_S03
A1: Group | B1: Flow or perfusion control | C1: Oxygen or angiogenic cues | D1: Barrier or permeation | E1: Inflammation or immune state | F1: Infection or microbial state | G1: Metabolic or biochemical sensing | H1: Closed-loop or active therapy | I1: Unique studies in group
A2: Controlled microfluidic perturbation | B2: =COUNTIFS('Code_S03'!$F$2:$F$45,SUBSTITUTE($A2,CHAR(10)," "),'Code_S03'!$G$2:$G$45,SUBSTITUTE(B$1,CHAR(10)," "),'Code_S03'!$H$2:$H$45,1) -> 3 | C2: =COUNTIFS('Code_S03'!$F$2:$F$45,SUBSTITUTE($A2,CHAR(10)," "),'Code_S03'!$G$2:$G$45,SUBSTITUTE(C$1,CHAR(10)," "),'Code_S03'!$H$2:$H$45,1) -> 2 | D2: =COUNTIFS('Code_S03'!$F$2:$F$45,SUBSTITUTE($A2,CHAR(10)," "),'Code_S03'!$G$2:$G$45,SUBSTITUTE(D$1,CHAR(10)," "),'Code_S03'!$H$2:$H$45,1) -> 1 | E2: =COUNTIFS('Code_S03'!$F$2:$F$45,SUBSTITUTE($A2,CHAR(10)," "),'Code_S03'!$G$2:$G$45,SUBSTITUTE(E$1,CHAR(10)," "),'Code_S03'!$H$2:$H$45,1) -> 0 | F2: =COUNTIFS('Code_S03'!$F$2:$F$45,SUBSTITUTE($A2,CHAR(10)," "),'Code_S03'!$G$2:$G$45,SUBSTITUTE(F$1,CHAR(10)," "),'Code_S03'!$H$2:$H$45,1) -> 0 | G2: =COUNTIFS('Code_S03'!$F$2:$F$45,SUBSTITUTE($A2,CHAR(10)," "),'Code_S03'!$G$2:$G$45,SUBSTITUTE(G$1,CHAR(10)," "),'Code_S03'!$H$2:$H$45,1) -> 0 | H2: =COUNTIFS('Code_S03'!$F$2:$F$45,SUBSTITUTE($A2,CHAR(10)," "),'Code_S03'!$G$2:$G$45,SUBSTITUTE(H$1,CHAR(10)," "),'Code_S03'!$H$2:$H$45,1) -> 0 | I2: =COUNTIFS('08_Study_Cohorts'!$A$2:$A$365,"S3",'08_Study_Cohorts'!$C$2:$C$365,SUBSTITUTE($A2,CHAR(10)," ")) -> 4
A3: Barrier/permeation exposure | B3: =COUNTIFS('Code_S03'!$F$2:$F$45,SUBSTITUTE($A3,CHAR(10)," "),'Code_S03'!$G$2:$G$45,SUBSTITUTE(B$1,CHAR(10)," "),'Code_S03'!$H$2:$H$45,1) -> 6 | C3: =COUNTIFS('Code_S03'!$F$2:$F$45,SUBSTITUTE($A3,CHAR(10)," "),'Code_S03'!$G$2:$G$45,SUBSTITUTE(C$1,CHAR(10)," "),'Code_S03'!$H$2:$H$45,1) -> 0 | D3: =COUNTIFS('Code_S03'!$F$2:$F$45,SUBSTITUTE($A3,CHAR(10)," "),'Code_S03'!$G$2:$G$45,SUBSTITUTE(D$1,CHAR(10)," "),'Code_S03'!$H$2:$H$45,1) -> 6 | E3: =COUNTIFS('Code_S03'!$F$2:$F$45,SUBSTITUTE($A3,CHAR(10)," "),'Code_S03'!$G$2:$G$45,SUBSTITUTE(E$1,CHAR(10)," "),'Code_S03'!$H$2:$H$45,1) -> 0 | F3: =COUNTIFS('Code_S03'!$F$2:$F$45,SUBSTITUTE($A3,CHAR(10)," "),'Code_S03'!$G$2:$G$45,SUBSTITUTE(F$1,CHAR(10)," "),'Code_S03'!$H$2:$H$45,1) -> 0 | G3: =COUNTIFS('Code_S03'!$F$2:$F$45,SUBSTITUTE($A3,CHAR(10)," "),'Code_S03'!$G$2:$G$45,SUBSTITUTE(G$1,CHAR(10)," "),'Code_S03'!$H$2:$H$45,1) -> 0 | H3: =COUNTIFS('Code_S03'!$F$2:$F$45,SUBSTITUTE($A3,CHAR(10)," "),'Code_S03'!$G$2:$G$45,SUBSTITUTE(H$1,CHAR(10)," "),'Code_S03'!$H$2:$H$45,1) -> 0 | I3: =COUNTIFS('08_Study_Cohorts'!$A$2:$A$365,"S3",'08_Study_Cohorts'!$C$2:$C$365,SUBSTITUTE($A3,CHAR(10)," ")) -> 6
A4: Disease/immune programming | B4: =COUNTIFS('Code_S03'!$F$2:$F$45,SUBSTITUTE($A4,CHAR(10)," "),'Code_S03'!$G$2:$G$45,SUBSTITUTE(B$1,CHAR(10)," "),'Code_S03'!$H$2:$H$45,1) -> 5 | C4: =COUNTIFS('Code_S03'!$F$2:$F$45,SUBSTITUTE($A4,CHAR(10)," "),'Code_S03'!$G$2:$G$45,SUBSTITUTE(C$1,CHAR(10)," "),'Code_S03'!$H$2:$H$45,1) -> 0 | D4: =COUNTIFS('Code_S03'!$F$2:$F$45,SUBSTITUTE($A4,CHAR(10)," "),'Code_S03'!$G$2:$G$45,SUBSTITUTE(D$1,CHAR(10)," "),'Code_S03'!$H$2:$H$45,1) -> 3 | E4: =COUNTIFS('Code_S03'!$F$2:$F$45,SUBSTITUTE($A4,CHAR(10)," "),'Code_S03'!$G$2:$G$45,SUBSTITUTE(E$1,CHAR(10)," "),'Code_S03'!$H$2:$H$45,1) -> 5 | F4: =COUNTIFS('Code_S03'!$F$2:$F$45,SUBSTITUTE($A4,CHAR(10)," "),'Code_S03'!$G$2:$G$45,SUBSTITUTE(F$1,CHAR(10)," "),'Code_S03'!$H$2:$H$45,1) -> 1 | G4: =COUNTIFS('Code_S03'!$F$2:$F$45,SUBSTITUTE($A4,CHAR(10)," "),'Code_S03'!$G$2:$G$45,SUBSTITUTE(G$1,CHAR(10)," "),'Code_S03'!$H$2:$H$45,1) -> 0 | H4: =COUNTIFS('Code_S03'!$F$2:$F$45,SUBSTITUTE($A4,CHAR(10)," "),'Code_S03'!$G$2:$G$45,SUBSTITUTE(H$1,CHAR(10)," "),'Code_S03'!$H$2:$H$45,1) -> 0 | I4: =COUNTIFS('08_Study_Cohorts'!$A$2:$A$365,"S3",'08_Study_Cohorts'!$C$2:$C$365,SUBSTITUTE($A4,CHAR(10)," ")) -> 5
A5: Wound-state sensing | B5: =COUNTIFS('Code_S03'!$F$2:$F$45,SUBSTITUTE($A5,CHAR(10)," "),'Code_S03'!$G$2:$G$45,SUBSTITUTE(B$1,CHAR(10)," "),'Code_S03'!$H$2:$H$45,1) -> 0 | C5: =COUNTIFS('Code_S03'!$F$2:$F$45,SUBSTITUTE($A5,CHAR(10)," "),'Code_S03'!$G$2:$G$45,SUBSTITUTE(C$1,CHAR(10)," "),'Code_S03'!$H$2:$H$45,1) -> 0 | D5: =COUNTIFS('Code_S03'!$F$2:$F$45,SUBSTITUTE($A5,CHAR(10)," "),'Code_S03'!$G$2:$G$45,SUBSTITUTE(D$1,CHAR(10)," "),'Code_S03'!$H$2:$H$45,1) -> 0 | E5: =COUNTIFS('Code_S03'!$F$2:$F$45,SUBSTITUTE($A5,CHAR(10)," "),'Code_S03'!$G$2:$G$45,SUBSTITUTE(E$1,CHAR(10)," "),'Code_S03'!$H$2:$H$45,1) -> 1 | F5: =COUNTIFS('Code_S03'!$F$2:$F$45,SUBSTITUTE($A5,CHAR(10)," "),'Code_S03'!$G$2:$G$45,SUBSTITUTE(F$1,CHAR(10)," "),'Code_S03'!$H$2:$H$45,1) -> 1 | G5: =COUNTIFS('Code_S03'!$F$2:$F$45,SUBSTITUTE($A5,CHAR(10)," "),'Code_S03'!$G$2:$G$45,SUBSTITUTE(G$1,CHAR(10)," "),'Code_S03'!$H$2:$H$45,1) -> 3 | H5: =COUNTIFS('Code_S03'!$F$2:$F$45,SUBSTITUTE($A5,CHAR(10)," "),'Code_S03'!$G$2:$G$45,SUBSTITUTE(H$1,CHAR(10)," "),'Code_S03'!$H$2:$H$45,1) -> 0 | I5: =COUNTIFS('08_Study_Cohorts'!$A$2:$A$365,"S3",'08_Study_Cohorts'!$C$2:$C$365,SUBSTITUTE($A5,CHAR(10)," ")) -> 3
A6: Closed-loop therapy | B6: =COUNTIFS('Code_S03'!$F$2:$F$45,SUBSTITUTE($A6,CHAR(10)," "),'Code_S03'!$G$2:$G$45,SUBSTITUTE(B$1,CHAR(10)," "),'Code_S03'!$H$2:$H$45,1) -> 0 | C6: =COUNTIFS('Code_S03'!$F$2:$F$45,SUBSTITUTE($A6,CHAR(10)," "),'Code_S03'!$G$2:$G$45,SUBSTITUTE(C$1,CHAR(10)," "),'Code_S03'!$H$2:$H$45,1) -> 0 | D6: =COUNTIFS('Code_S03'!$F$2:$F$45,SUBSTITUTE($A6,CHAR(10)," "),'Code_S03'!$G$2:$G$45,SUBSTITUTE(D$1,CHAR(10)," "),'Code_S03'!$H$2:$H$45,1) -> 0 | E6: =COUNTIFS('Code_S03'!$F$2:$F$45,SUBSTITUTE($A6,CHAR(10)," "),'Code_S03'!$G$2:$G$45,SUBSTITUTE(E$1,CHAR(10)," "),'Code_S03'!$H$2:$H$45,1) -> 2 | F6: =COUNTIFS('Code_S03'!$F$2:$F$45,SUBSTITUTE($A6,CHAR(10)," "),'Code_S03'!$G$2:$G$45,SUBSTITUTE(F$1,CHAR(10)," "),'Code_S03'!$H$2:$H$45,1) -> 1 | G6: =COUNTIFS('Code_S03'!$F$2:$F$45,SUBSTITUTE($A6,CHAR(10)," "),'Code_S03'!$G$2:$G$45,SUBSTITUTE(G$1,CHAR(10)," "),'Code_S03'!$H$2:$H$45,1) -> 2 | H6: =COUNTIFS('Code_S03'!$F$2:$F$45,SUBSTITUTE($A6,CHAR(10)," "),'Code_S03'!$G$2:$G$45,SUBSTITUTE(H$1,CHAR(10)," "),'Code_S03'!$H$2:$H$45,1) -> 2 | I6: =COUNTIFS('08_Study_Cohorts'!$A$2:$A$365,"S3",'08_Study_Cohorts'!$C$2:$C$365,SUBSTITUTE($A6,CHAR(10)," ")) -> 2

Sheet Code_S04
A1: Main_ref | B1: SI_source_table | C1: SI_table_row | D1: Main_article_title | E1: DOI_in_main_register | F1: Group | G1: Domain | H1: Code_0_1 | I1: Proposed_structural_score | J1: Proposed_disease_score | K1: Provenance_note | L1: Source_URL | M1: Bibliography_title_match_pct | N1: Citation_present_in_main
A2: 166 | B2: S2 | C2: 7: Perfused reconstructed skin-on-chip for transdermal diffusion | D2: In silico approach for validating organ-on-chips: exemplifying through a skin-on-chip device | E2: 10.1007/s10404-025-02863-y | F2: Barrier/permeation exposure | G2: Barrier or permeation | H2: 1 | K2: Provided article-level Table S2 coding (renumbered to current main bibliography) | L2: https://doi.org/10.1007/s10404-025-02863-y | M2: 100.0 | N2: YES
A3: 181 | B3: S2 | C3: 8: Perfused 3D skin-on-chip for barrier validation and drug permeation | D3: A 3D microfluidic model for preclinical drug permeation studies: Advancing validation of skin-on-chip technology | E3: 10.1016/j.jpba.2025.117187 | F3: Barrier/permeation exposure | G3: Barrier or permeation | H3: 1 | K3: Provided article-level Table S2 coding (renumbered to current main bibliography) | L3: https://doi.org/10.1016/j.jpba.2025.117187 | M3: 100.0 | N3: YES
A4: 192 | B4: S2 | C4: 9: Ex vivo and surrogate skin dynamic permeation platforms | D4: Skin-on-a-chip device for ex vivo monitoring of transdermal delivery of drugs—design, fabrication, and testing | E4: 10.3390/pharmaceutics11090445 | F4: Barrier/permeation exposure | G4: Barrier or permeation | H4: 1 | K4: Provided article-level Table S2 coding (renumbered to current main bibliography) | L4: https://doi.org/10.3390/pharmaceutics11090445 | M4: 100.0 | N4: YES
A5: 193 | B5: S2 | C5: 9: Ex vivo and surrogate skin dynamic permeation platforms | D5: Comparison between Franz diffusion cell and a novel micro-physiological system for in vitro penetration assay using different skin models | E5: 10.1016/j.slast.2021.12.006 | F5: Barrier/permeation exposure | G5: Barrier or permeation | H5: 1 | K5: Provided article-level Table S2 coding (renumbered to current main bibliography) | L5: https://doi.org/10.1016/j.slast.2021.12.006 | M5: 100.0 | N5: YES
A6: 166 | B6: S2 | C6: 7: Perfused reconstructed skin-on-chip for transdermal diffusion | D6: In silico approach for validating organ-on-chips: exemplifying through a skin-on-chip device | E6: 10.1007/s10404-025-02863-y | F6: Barrier/permeation exposure | G6: Drug transport or therapy response | H6: 1 | K6: Provided article-level Table S2 coding (renumbered to current main bibliography) | L6: https://doi.org/10.1007/s10404-025-02863-y | M6: 100.0 | N6: YES
A7: 192 | B7: S2 | C7: 9: Ex vivo and surrogate skin dynamic permeation platforms | D7: Skin-on-a-chip device for ex vivo monitoring of transdermal delivery of drugs—design, fabrication, and testing | E7: 10.3390/pharmaceutics11090445 | F7: Barrier/permeation exposure | G7: Drug transport or therapy response | H7: 1 | K7: Provided article-level Table S2 coding (renumbered to current main bibliography) | L7: https://doi.org/10.3390/pharmaceutics11090445 | M7: 100.0 | N7: YES
A8: 193 | B8: S2 | C8: 9: Ex vivo and surrogate skin dynamic permeation platforms | D8: Comparison between Franz diffusion cell and a novel micro-physiological system for in vitro penetration assay using different skin models | E8: 10.1016/j.slast.2021.12.006 | F8: Barrier/permeation exposure | G8: Drug transport or therapy response | H8: 1 | K8: Provided article-level Table S2 coding (renumbered to current main bibliography) | L8: https://doi.org/10.1016/j.slast.2021.12.006 | M8: 100.0 | N8: YES
A9: 194 | B9: S2 | C9: 10: Skin-linked systemic toxicity chips | D9: Microphysiological heart–liver body-on-a-chip system with a skin mimic for evaluating topical drug delivery | E9: 10.1039/c9lc00861f | F9: Barrier/permeation exposure | G9: Drug transport or therapy response | H9: 1 | K9: Provided article-level Table S2 coding (renumbered to current main bibliography) | L9: https://doi.org/10.1039/c9lc00861f | M9: 100.0 | N9: YES
A10: 195 | B10: S2 | C10: 10: Skin-linked systemic toxicity chips | D10: Toxicity of topically applied drugs beyond skin irritation: Static skin model vs | E10: 10.1016/j.ijpharm.2020.119788 | F10: Barrier/permeation exposure | G10: Drug transport or therapy response | H10: 1 | K10: Provided article-level Table S2 coding (renumbered to current main bibliography) | L10: https://doi.org/10.1016/j.ijpharm.2020.119788 | M10: 100.0 | N10: YES
A11: 166 | B11: S2 | C11: 7: Perfused reconstructed skin-on-chip for transdermal diffusion | D11: In silico approach for validating organ-on-chips: exemplifying through a skin-on-chip device | E11: 10.1007/s10404-025-02863-y | F11: Barrier/permeation exposure | G11: Imaging or morphology | H11: 1 | K11: Provided article-level Table S2 coding (renumbered to current main bibliography) | L11: https://doi.org/10.1007/s10404-025-02863-y | M11: 100.0 | N11: YES
A12: 181 | B12: S2 | C12: 8: Perfused 3D skin-on-chip for barrier validation and drug permeation | D12: A 3D microfluidic model for preclinical drug permeation studies: Advancing validation of skin-on-chip technology | E12: 10.1016/j.jpba.2025.117187 | F12: Barrier/permeation exposure | G12: Imaging or morphology | H12: 1 | K12: Provided article-level Table S2 coding (renumbered to current main bibliography) | L12: https://doi.org/10.1016/j.jpba.2025.117187 | M12: 100.0 | N12: YES
A13: 194 | B13: S2 | C13: 10: Skin-linked systemic toxicity chips | D13: Microphysiological heart–liver body-on-a-chip system with a skin mimic for evaluating topical drug delivery | E13: 10.1039/c9lc00861f | F13: Barrier/permeation exposure | G13: Inflammatory, immune, or molecular | H13: 1 | K13: Provided article-level Table S2 coding (renumbered to current main bibliography) | L13: https://doi.org/10.1039/c9lc00861f | M13: 100.0 | N13: YES
... A27: 164 | B27: S2 | C27: 5: Oxygen-gradient angiogenesis module | D27: Studying sprouting angiogenesis under combination of oxygen gradients and co-culture of fibroblasts using microfluidic cell culture model | E27: 10.1016/j.mtbio.2023.100703 | F27: Controlled microfluidic perturbation | G27: Vascular or angiogenic | H27: 1 | K27: Provided article-level Table S2 coding (renumbered to current main bibliography) | L27: https://doi.org/10.1016/j.mtbio.2023.100703 | M27: 100.0 | N27: YES
A28: 58 | B28: S2 | C28: 12: Perfused inflammatory full-thickness skin-on-chip model for drug-response testing | D28: Analysis of drug efficacy for inflammatory skin on an organ-chip system | F28: Disease/immune programming | G28: Barrier or permeation | H28: 1 | K28: Source-specific correction from Quan et al. 2022, not Gard et al. 2023; full-text primary source verified. Provided article-level Table S2 coding (renumbered to current main bibliography) | L28: https://doi.org/10.3389/fbioe.2022.939629 | M28: 100.0 | N28: YES
A29: 198 | B29: S2 | C29: 16: Epidermal pruritus and barrier-support skin-on-chip | D29: Skin-on-Chip and clinical evaluation of the soothing potential of a topical natural treatment for atopic-prone skin: An exploratory study | E29: 10.1016/j.biopha.2025.118957 | F29: Disease/immune programming | G29: Barrier or permeation | H29: 1 | K29: Provided article-level Table S2 coding (renumbered to current main bibliography) | L29: https://doi.org/10.1016/j.biopha.2025.118957 | M29: 100.0 | N29: YES
A30: 196 | B30: S2 | C30: 14: Dynamic reconstructed skin-on-chip for topical sensitizer response | D30: Proof-of-concept organ-on-chip study: topical cinnamaldehyde exposure of reconstructed human skin with integrated neopapillae cultured under dynamic flow | E30: 10.3390/pharmaceutics14081529 | F30: Disease/immune programming | G30: Drug transport or therapy response | H30: 1 | K30: Provided article-level Table S2 coding (renumbered to current main bibliography) | L30: https://doi.org/10.3390/pharmaceutics14081529 | M30: 100.0 | N30: YES
A31: 197 | B31: S2 | C31: 15: Perfused inflammatory skin-on-chip with rapid cytokine detection | D31: Skin-on-a-Chip Coupled with a Rapid Inflammation Detection System for Cosmetic Ingredient Screening | F31: Disease/immune programming | G31: Drug transport or therapy response | H31: 1 | K31: Provided article-level Table S2 coding (renumbered to current main bibliography) | M31: 100.0 | N31: YES
A32: 198 | B32: S2 | C32: 16: Epidermal pruritus and barrier-support skin-on-chip | D32: Skin-on-Chip and clinical evaluation of the soothing potential of a topical natural treatment for atopic-prone skin: An exploratory study | E32: 10.1016/j.biopha.2025.118957 | F32: Disease/immune programming | G32: Drug transport or therapy response | H32: 1 | K32: Provided article-level Table S2 coding (renumbered to current main bibliography) | L32: https://doi.org/10.1016/j.biopha.2025.118957 | M32: 100.0 | N32: YES
A33: 169 | B33: S2 | C33: 13: Infection-activated vessel-on-chip | D33: An in vitro human vessel model to study Neisseria meningitidis colonization and vascular damages | E33: 10.7554/eLife.107813 | F33: Disease/immune programming | G33: Imaging or morphology | H33: 1 | K33: Provided article-level Table S2 coding (renumbered to current main bibliography) | L33: https://doi.org/10.7554/eLife.107813 | M33: 100.0 | N33: YES
A34: 169 | B34: S2 | C34: 13: Infection-activated vessel-on-chip | D34: An in vitro human vessel model to study Neisseria meningitidis colonization and vascular damages | E34: 10.7554/eLife.107813 | F34: Disease/immune programming | G34: Infection or microbial | H34: 1 | K34: Provided article-level Table S2 coding (renumbered to current main bibliography) | L34: https://doi.org/10.7554/eLife.107813 | M34: 100.0 | N34: YES
A35: 58 | B35: S2 | C35: 12: Perfused inflammatory full-thickness skin-on-chip model for drug-response testing | D35: Analysis of drug efficacy for inflammatory skin on an organ-chip system | F35: Disease/immune programming | G35: Inflammatory, immune, or molecular | H35: 1 | K35: Source-specific correction from Quan et al. 2022, not Gard et al. 2023; full-text primary source verified. Provided article-level Table S2 coding (renumbered to current main bibliography) | L35: https://doi.org/10.3389/fbioe.2022.939629 | M35: 100.0 | N35: YES
A36: 169 | B36: S2 | C36: 13: Infection-activated vessel-on-chip | D36: An in vitro human vessel model to study Neisseria meningitidis colonization and vascular damages | E36: 10.7554/eLife.107813 | F36: Disease/immune programming | G36: Inflammatory, immune, or molecular | H36: 1 | K36: Provided article-level Table S2 coding (renumbered to current main bibliography) | L36: https://doi.org/10.7554/eLife.107813 | M36: 100.0 | N36: YES
A37: 196 | B37: S2 | C37: 14: Dynamic reconstructed skin-on-chip for topical sensitizer response | D37: Proof-of-concept organ-on-chip study: topical cinnamaldehyde exposure of reconstructed human skin with integrated neopapillae cultured under dynamic flow | E37: 10.3390/pharmaceutics14081529 | F37: Disease/immune programming | G37: Inflammatory, immune, or molecular | H37: 1 | K37: Provided article-level Table S2 coding (renumbered to current main bibliography) | L37: https://doi.org/10.3390/pharmaceutics14081529 | M37: 100.0 | N37: YES
A38: 197 | B38: S2 | C38: 15: Perfused inflammatory skin-on-chip with rapid cytokine detection | D38: Skin-on-a-Chip Coupled with a Rapid Inflammation Detection System for Cosmetic Ingredient Screening | F38: Disease/immune programming | G38: Inflammatory, immune, or molecular | H38: 1 | K38: Provided article-level Table S2 coding (renumbered to current main bibliography) | M38: 100.0 | N38: YES
A39: 198 | B39: S2 | C39: 16: Epidermal pruritus and barrier-support skin-on-chip | D39: Skin-on-Chip and clinical evaluation of the soothing potential of a topical natural treatment for atopic-prone skin: An exploratory study | E39: 10.1016/j.biopha.2025.118957 | F39: Disease/immune programming | G39: Inflammatory, immune, or molecular | H39: 1 | K39: Provided article-level Table S2 coding (renumbered to current main bibliography) | L39: https://doi.org/10.1016/j.biopha.2025.118957 | M39: 100.0 | N39: YES
A40: 183 | B40: S2 | C40: 19: Battery-free lactate prognostic wound monitor | D40: A miniaturized, battery‐free, wireless wound monitor that predicts wound closure rate early | E40: 10.1002/adhm.202301280 | F40: Wound-state sensing | G40: Drug transport or therapy response | H40: 1 | K40: Provided article-level Table S2 coding (renumbered to current main bibliography) | L40: https://doi.org/10.1002/adhm.202301280 | M40: 100.0 | N40: YES
A41: 101 | B41: S2 | C41: 18: Multiplexed wound-exudate sensing patches | D41: A flexible multiplexed immunosensor for point-of-care in situ wound monitoring | E41: 10.1126/sciadv.abg9614 | F41: Wound-state sensing | G41: Infection or microbial | H41: 1 | K41: Provided article-level Table S2 coding (renumbered to current main bibliography) | L41: https://doi.org/10.1126/sciadv.abg9614 | M41: 100.0 | N41: YES
A42: 101 | B42: S2 | C42: 18: Multiplexed wound-exudate sensing patches | D42: A flexible multiplexed immunosensor for point-of-care in situ wound monitoring | E42: 10.1126/sciadv.abg9614 | F42: Wound-state sensing | G42: Inflammatory, immune, or molecular | H42: 1 | K42: Provided article-level Table S2 coding (renumbered to current main bibliography) | L42: https://doi.org/10.1126/sciadv.abg9614 | M42: 100.0 | N42: YES
A43: 101 | B43: S2 | C43: 18: Multiplexed wound-exudate sensing patches | D43: A flexible multiplexed immunosensor for point-of-care in situ wound monitoring | E43: 10.1126/sciadv.abg9614 | F43: Wound-state sensing | G43: Metabolic or biochemical sensing | H43: 1 | K43: Provided article-level Table S2 coding (renumbered to current main bibliography) | L43: https://doi.org/10.1126/sciadv.abg9614 | M43: 100.0 | N43: YES
A44: 182 | B44: S2 | C44: 18: Multiplexed wound-exudate sensing patches | D44: A flexible and multimodal biosensing patch integrated with microfluidics for chronic wound monitoring | E44: 10.1016/j.cej.2024.157673 | F44: Wound-state sensing | G44: Metabolic or biochemical sensing | H44: 1 | K44: Provided article-level Table S2 coding (renumbered to current main bibliography) | L44: https://doi.org/10.1016/j.cej.2024.157673 | M44: 100.0 | N44: YES
A45: 183 | B45: S2 | C45: 19: Battery-free lactate prognostic wound monitor | D45: A miniaturized, battery‐free, wireless wound monitor that predicts wound closure rate early | E45: 10.1002/adhm.202301280 | F45: Wound-state sensing | G45: Metabolic or biochemical sensing | H45: 1 | K45: Provided article-level Table S2 coding (renumbered to current main bibliography) | L45: https://doi.org/10.1002/adhm.202301280 | M45: 100.0 | N45: YES

Sheet Matrix_S04
A1: Group | B1: Imaging or morphology | C1: Barrier or permeation | D1: Inflammatory, immune, or molecular | E1: Metabolic or biochemical sensing | F1: Infection or microbial | G1: Vascular or angiogenic | H1: Drug transport or therapy response | I1: Unique studies in group
A2: Controlled microfluidic perturbation | B2: =COUNTIFS('Code_S04'!$F$2:$F$45,SUBSTITUTE($A2,CHAR(10)," "),'Code_S04'!$G$2:$G$45,SUBSTITUTE(B$1,CHAR(10)," "),'Code_S04'!$H$2:$H$45,1) -> 3 | C2: =COUNTIFS('Code_S04'!$F$2:$F$45,SUBSTITUTE($A2,CHAR(10)," "),'Code_S04'!$G$2:$G$45,SUBSTITUTE(C$1,CHAR(10)," "),'Code_S04'!$H$2:$H$45,1) -> 0 | D2: =COUNTIFS('Code_S04'!$F$2:$F$45,SUBSTITUTE($A2,CHAR(10)," "),'Code_S04'!$G$2:$G$45,SUBSTITUTE(D$1,CHAR(10)," "),'Code_S04'!$H$2:$H$45,1) -> 1 | E2: =COUNTIFS('Code_S04'!$F$2:$F$45,SUBSTITUTE($A2,CHAR(10)," "),'Code_S04'!$G$2:$G$45,SUBSTITUTE(E$1,CHAR(10)," "),'Code_S04'!$H$2:$H$45,1) -> 0 | F2: =COUNTIFS('Code_S04'!$F$2:$F$45,SUBSTITUTE($A2,CHAR(10)," "),'Code_S04'!$G$2:$G$45,SUBSTITUTE(F$1,CHAR(10)," "),'Code_S04'!$H$2:$H$45,1) -> 0 | G2: =COUNTIFS('Code_S04'!$F$2:$F$45,SUBSTITUTE($A2,CHAR(10)," "),'Code_S04'!$G$2:$G$45,SUBSTITUTE(G$1,CHAR(10)," "),'Code_S04'!$H$2:$H$45,1) -> 2 | H2: =COUNTIFS('Code_S04'!$F$2:$F$45,SUBSTITUTE($A2,CHAR(10)," "),'Code_S04'!$G$2:$G$45,SUBSTITUTE(H$1,CHAR(10)," "),'Code_S04'!$H$2:$H$45,1) -> 0 | I2: =COUNTIFS('08_Study_Cohorts'!$A$2:$A$365,"S4",'08_Study_Cohorts'!$C$2:$C$365,SUBSTITUTE($A2,CHAR(10)," ")) -> 4
A3: Barrier/permeation exposure | B3: =COUNTIFS('Code_S04'!$F$2:$F$45,SUBSTITUTE($A3,CHAR(10)," "),'Code_S04'!$G$2:$G$45,SUBSTITUTE(B$1,CHAR(10)," "),'Code_S04'!$H$2:$H$45,1) -> 2 | C3: =COUNTIFS('Code_S04'!$F$2:$F$45,SUBSTITUTE($A3,CHAR(10)," "),'Code_S04'!$G$2:$G$45,SUBSTITUTE(C$1,CHAR(10)," "),'Code_S04'!$H$2:$H$45,1) -> 4 | D3: =COUNTIFS('Code_S04'!$F$2:$F$45,SUBSTITUTE($A3,CHAR(10)," "),'Code_S04'!$G$2:$G$45,SUBSTITUTE(D$1,CHAR(10)," "),'Code_S04'!$H$2:$H$45,1) -> 2 | E3: =COUNTIFS('Code_S04'!$F$2:$F$45,SUBSTITUTE($A3,CHAR(10)," "),'Code_S04'!$G$2:$G$45,SUBSTITUTE(E$1,CHAR(10)," "),'Code_S04'!$H$2:$H$45,1) -> 2 | F3: =COUNTIFS('Code_S04'!$F$2:$F$45,SUBSTITUTE($A3,CHAR(10)," "),'Code_S04'!$G$2:$G$45,SUBSTITUTE(F$1,CHAR(10)," "),'Code_S04'!$H$2:$H$45,1) -> 0 | G3: =COUNTIFS('Code_S04'!$F$2:$F$45,SUBSTITUTE($A3,CHAR(10)," "),'Code_S04'!$G$2:$G$45,SUBSTITUTE(G$1,CHAR(10)," "),'Code_S04'!$H$2:$H$45,1) -> 0 | H3: =COUNTIFS('Code_S04'!$F$2:$F$45,SUBSTITUTE($A3,CHAR(10)," "),'Code_S04'!$G$2:$G$45,SUBSTITUTE(H$1,CHAR(10)," "),'Code_S04'!$H$2:$H$45,1) -> 5 | I3: =COUNTIFS('08_Study_Cohorts'!$A$2:$A$365,"S4",'08_Study_Cohorts'!$C$2:$C$365,SUBSTITUTE($A3,CHAR(10)," ")) -> 6
A4: Disease/immune programming | B4: =COUNTIFS('Code_S04'!$F$2:$F$45,SUBSTITUTE($A4,CHAR(10)," "),'Code_S04'!$G$2:$G$45,SUBSTITUTE(B$1,CHAR(10)," "),'Code_S04'!$H$2:$H$45,1) -> 1 | C4: =COUNTIFS('Code_S04'!$F$2:$F$45,SUBSTITUTE($A4,CHAR(10)," "),'Code_S04'!$G$2:$G$45,SUBSTITUTE(C$1,CHAR(10)," "),'Code_S04'!$H$2:$H$45,1) -> 2 | D4: =COUNTIFS('Code_S04'!$F$2:$F$45,SUBSTITUTE($A4,CHAR(10)," "),'Code_S04'!$G$2:$G$45,SUBSTITUTE(D$1,CHAR(10)," "),'Code_S04'!$H$2:$H$45,1) -> 5 | E4: =COUNTIFS('Code_S04'!$F$2:$F$45,SUBSTITUTE($A4,CHAR(10)," "),'Code_S04'!$G$2:$G$45,SUBSTITUTE(E$1,CHAR(10)," "),'Code_S04'!$H$2:$H$45,1) -> 0 | F4: =COUNTIFS('Code_S04'!$F$2:$F$45,SUBSTITUTE($A4,CHAR(10)," "),'Code_S04'!$G$2:$G$45,SUBSTITUTE(F$1,CHAR(10)," "),'Code_S04'!$H$2:$H$45,1) -> 1 | G4: =COUNTIFS('Code_S04'!$F$2:$F$45,SUBSTITUTE($A4,CHAR(10)," "),'Code_S04'!$G$2:$G$45,SUBSTITUTE(G$1,CHAR(10)," "),'Code_S04'!$H$2:$H$45,1) -> 0 | H4: =COUNTIFS('Code_S04'!$F$2:$F$45,SUBSTITUTE($A4,CHAR(10)," "),'Code_S04'!$G$2:$G$45,SUBSTITUTE(H$1,CHAR(10)," "),'Code_S04'!$H$2:$H$45,1) -> 3 | I4: =COUNTIFS('08_Study_Cohorts'!$A$2:$A$365,"S4",'08_Study_Cohorts'!$C$2:$C$365,SUBSTITUTE($A4,CHAR(10)," ")) -> 5
A5: Wound-state sensing | B5: =COUNTIFS('Code_S04'!$F$2:$F$45,SUBSTITUTE($A5,CHAR(10)," "),'Code_S04'!$G$2:$G$45,SUBSTITUTE(B$1,CHAR(10)," "),'Code_S04'!$H$2:$H$45,1) -> 0 | C5: =COUNTIFS('Code_S04'!$F$2:$F$45,SUBSTITUTE($A5,CHAR(10)," "),'Code_S04'!$G$2:$G$45,SUBSTITUTE(C$1,CHAR(10)," "),'Code_S04'!$H$2:$H$45,1) -> 0 | D5: =COUNTIFS('Code_S04'!$F$2:$F$45,SUBSTITUTE($A5,CHAR(10)," "),'Code_S04'!$G$2:$G$45,SUBSTITUTE(D$1,CHAR(10)," "),'Code_S04'!$H$2:$H$45,1) -> 1 | E5: =COUNTIFS('Code_S04'!$F$2:$F$45,SUBSTITUTE($A5,CHAR(10)," "),'Code_S04'!$G$2:$G$45,SUBSTITUTE(E$1,CHAR(10)," "),'Code_S04'!$H$2:$H$45,1) -> 3 | F5: =COUNTIFS('Code_S04'!$F$2:$F$45,SUBSTITUTE($A5,CHAR(10)," "),'Code_S04'!$G$2:$G$45,SUBSTITUTE(F$1,CHAR(10)," "),'Code_S04'!$H$2:$H$45,1) -> 1 | G5: =COUNTIFS('Code_S04'!$F$2:$F$45,SUBSTITUTE($A5,CHAR(10)," "),'Code_S04'!$G$2:$G$45,SUBSTITUTE(G$1,CHAR(10)," "),'Code_S04'!$H$2:$H$45,1) -> 0 | H5: =COUNTIFS('Code_S04'!$F$2:$F$45,SUBSTITUTE($A5,CHAR(10)," "),'Code_S04'!$G$2:$G$45,SUBSTITUTE(H$1,CHAR(10)," "),'Code_S04'!$H$2:$H$45,1) -> 1 | I5: =COUNTIFS('08_Study_Cohorts'!$A$2:$A$365,"S4",'08_Study_Cohorts'!$C$2:$C$365,SUBSTITUTE($A5,CHAR(10)," ")) -> 3
A6: Closed-loop therapy | B6: =COUNTIFS('Code_S04'!$F$2:$F$45,SUBSTITUTE($A6,CHAR(10)," "),'Code_S04'!$G$2:$G$45,SUBSTITUTE(B$1,CHAR(10)," "),'Code_S04'!$H$2:$H$45,1) -> 0 | C6: =COUNTIFS('Code_S04'!$F$2:$F$45,SUBSTITUTE($A6,CHAR(10)," "),'Code_S04'!$G$2:$G$45,SUBSTITUTE(C$1,CHAR(10)," "),'Code_S04'!$H$2:$H$45,1) -> 0 | D6: =COUNTIFS('Code_S04'!$F$2:$F$45,SUBSTITUTE($A6,CHAR(10)," "),'Code_S04'!$G$2:$G$45,SUBSTITUTE(D$1,CHAR(10)," "),'Code_S04'!$H$2:$H$45,1) -> 0 | E6: =COUNTIFS('Code_S04'!$F$2:$F$45,SUBSTITUTE($A6,CHAR(10)," "),'Code_S04'!$G$2:$G$45,SUBSTITUTE(E$1,CHAR(10)," "),'Code_S04'!$H$2:$H$45,1) -> 2 | F6: =COUNTIFS('Code_S04'!$F$2:$F$45,SUBSTITUTE($A6,CHAR(10)," "),'Code_S04'!$G$2:$G$45,SUBSTITUTE(F$1,CHAR(10)," "),'Code_S04'!$H$2:$H$45,1) -> 1 | G6: =COUNTIFS('Code_S04'!$F$2:$F$45,SUBSTITUTE($A6,CHAR(10)," "),'Code_S04'!$G$2:$G$45,SUBSTITUTE(G$1,CHAR(10)," "),'Code_S04'!$H$2:$H$45,1) -> 0 | H6: =COUNTIFS('Code_S04'!$F$2:$F$45,SUBSTITUTE($A6,CHAR(10)," "),'Code_S04'!$G$2:$G$45,SUBSTITUTE(H$1,CHAR(10)," "),'Code_S04'!$H$2:$H$45,1) -> 2 | I6: =COUNTIFS('08_Study_Cohorts'!$A$2:$A$365,"S4",'08_Study_Cohorts'!$C$2:$C$365,SUBSTITUTE($A6,CHAR(10)," ")) -> 2

Sheet Code_S05
A1: Main_ref | B1: SI_source_table | C1: SI_table_row | D1: Main_article_title | E1: DOI_in_main_register | F1: Group | G1: Domain | H1: Code_0_1 | I1: Proposed_structural_score | J1: Proposed_disease_score | K1: Provenance_note | L1: Source_URL | M1: Bibliography_title_match_pct | N1: Citation_present_in_main
A2: 155 | B2: S2 | C2: 2: Perfused dermal perivascular angiogenesis chip | D2: A 3D millifluidic model of a dermal perivascular microenvironment on a chip | E2: 10.1039/d4lc00898g | G2: Limited clinical or large-animal validation | H2: 1 | K2: Provided article-level Table S2 coding (renumbered to current main bibliography) | L2: https://doi.org/10.1039/d4lc00898g | M2: 100.0 | N2: YES
A3: 158 | B3: S2 | C3: 3: Ex vivo full-thickness human skin microbioreactor | D3: Design and evaluation of a skin-on-a-chip pumpless microfluidic device | E3: 10.1038/s41598-023-34796-3 | G3: Limited clinical or large-animal validation | H3: 1 | K3: Provided article-level Table S2 coding (renumbered to current main bibliography) | L3: https://doi.org/10.1038/s41598-023-34796-3 | M3: 100.0 | N3: YES
A4: 159 | B4: S2 | C4: 4: Layered tissue-generation chip | D4: A new microfluidic method enabling the generation of multi-layered tissues-on-chips using skin cells as a proof of concept | E4: 10.1038/s41598-021-91875-z | G4: Limited clinical or large-animal validation | H4: 1 | K4: Provided article-level Table S2 coding (renumbered to current main bibliography) | L4: https://doi.org/10.1038/s41598-021-91875-z | M4: 100.0 | N4: YES
A5: 164 | B5: S2 | C5: 5: Oxygen-gradient angiogenesis module | D5: Studying sprouting angiogenesis under combination of oxygen gradients and co-culture of fibroblasts using microfluidic cell culture model | E5: 10.1016/j.mtbio.2023.100703 | G5: Limited clinical or large-animal validation | H5: 1 | K5: Provided article-level Table S2 coding (renumbered to current main bibliography) | L5: https://doi.org/10.1016/j.mtbio.2023.100703 | M5: 100.0 | N5: YES
A6: 166 | B6: S2 | C6: 7: Perfused reconstructed skin-on-chip for transdermal diffusion | D6: In silico approach for validating organ-on-chips: exemplifying through a skin-on-chip device | E6: 10.1007/s10404-025-02863-y | G6: Limited clinical or large-animal validation | H6: 1 | K6: Provided article-level Table S2 coding (renumbered to current main bibliography) | L6: https://doi.org/10.1007/s10404-025-02863-y | M6: 100.0 | N6: YES
A7: 58 | B7: S2 | C7: 12: Perfused inflammatory full-thickness skin-on-chip model for drug-response testing | D7: Analysis of drug efficacy for inflammatory skin on an organ-chip system | G7: Limited clinical or large-animal validation | H7: 1 | K7: Source-specific correction from Quan et al. 2022, not Gard et al. 2023; full-text primary source verified. Provided article-level Table S2 coding (renumbered to current main bibliography) | L7: https://doi.org/10.3389/fbioe.2022.939629 | M7: 100.0 | N7: YES
A8: 169 | B8: S2 | C8: 13: Infection-activated vessel-on-chip | D8: An in vitro human vessel model to study Neisseria meningitidis colonization and vascular damages | E8: 10.7554/eLife.107813 | G8: Limited clinical or large-animal validation | H8: 1 | K8: Provided article-level Table S2 coding (renumbered to current main bibliography) | L8: https://doi.org/10.7554/eLife.107813 | M8: 100.0 | N8: YES
A9: 181 | B9: S2 | C9: 8: Perfused 3D skin-on-chip for barrier validation and drug permeation | D9: A 3D microfluidic model for preclinical drug permeation studies: Advancing validation of skin-on-chip technology | E9: 10.1016/j.jpba.2025.117187 | G9: Limited clinical or large-animal validation | H9: 1 | K9: Provided article-level Table S2 coding (renumbered to current main bibliography) | L9: https://doi.org/10.1016/j.jpba.2025.117187 | M9: 100.0 | N9: YES
A10: 101 | B10: S2 | C10: 18: Multiplexed wound-exudate sensing patches | D10: A flexible multiplexed immunosensor for point-of-care in situ wound monitoring | E10: 10.1126/sciadv.abg9614 | G10: Limited clinical or large-animal validation | H10: 1 | K10: Provided article-level Table S2 coding (renumbered to current main bibliography) | L10: https://doi.org/10.1126/sciadv.abg9614 | M10: 100.0 | N10: YES
A11: 182 | B11: S2 | C11: 18: Multiplexed wound-exudate sensing patches | D11: A flexible and multimodal biosensing patch integrated with microfluidics for chronic wound monitoring | E11: 10.1016/j.cej.2024.157673 | G11: Limited clinical or large-animal validation | H11: 1 | K11: Provided article-level Table S2 coding (renumbered to current main bibliography) | L11: https://doi.org/10.1016/j.cej.2024.157673 | M11: 100.0 | N11: YES
A12: 183 | B12: S2 | C12: 19: Battery-free lactate prognostic wound monitor | D12: A miniaturized, battery‐free, wireless wound monitor that predicts wound closure rate early | E12: 10.1002/adhm.202301280 | G12: Limited clinical or large-animal validation | H12: 1 | K12: Provided article-level Table S2 coding (renumbered to current main bibliography) | L12: https://doi.org/10.1002/adhm.202301280 | M12: 100.0 | N12: YES
A13: 187 | B13: S2 | C13: 21: Wireless smart bandage with sensing and electrical stimulation | D13: Wireless, closed-loop, smart bandage with integrated sensors and stimulators for advanced wound care and accelerated healing | E13: 10.1038/s41587-022-01528-3 | G13: Limited clinical or large-animal validation | H13: 1 | K13: Provided article-level Table S2 coding (renumbered to current main bibliography) | L13: https://doi.org/10.1038/s41587-022-01528-3 | M13: 100.0 | N13: YES
A14: 188 | B14: S2 | C14: 22: Closed-loop wound-management platform with on-chip inference and drug delivery | D14: Smart Wound Management System Capable of On‐Chip Machine Learning and Closed‐Loop Therapeutic Feedback | E14: 10.1002/adfm.202522329 | G14: Limited clinical or large-animal validation | H14: 1 | K14: Provided article-level Table S2 coding (renumbered to current main bibliography) | L14: https://doi.org/10.1002/adfm.202522329 | M14: 100.0 | N14: YES
A15: 192 | B15: S2 | C15: 9: Ex vivo and surrogate skin dynamic permeation platforms | D15: Skin-on-a-chip device for ex vivo monitoring of transdermal delivery of drugs—design, fabrication, and testing | E15: 10.3390/pharmaceutics11090445 | G15: Limited clinical or large-animal validation | H15: 1 | K15: Provided article-level Table S2 coding (renumbered to current main bibliography) | L15: https://doi.org/10.3390/pharmaceutics11090445 | M15: 100.0 | N15: YES
A16: 193 | B16: S2 | C16: 9: Ex vivo and surrogate skin dynamic permeation platforms | D16: Comparison between Franz diffusion cell and a novel micro-physiological system for in vitro penetration assay using different skin models | E16: 10.1016/j.slast.2021.12.006 | G16: Limited clinical or large-animal validation | H16: 1 | K16: Provided article-level Table S2 coding (renumbered to current main bibliography) | L16: https://doi.org/10.1016/j.slast.2021.12.006 | M16: 100.0 | N16: YES
A17: 194 | B17: S2 | C17: 10: Skin-linked systemic toxicity chips | D17: Microphysiological heart–liver body-on-a-chip system with a skin mimic for evaluating topical drug delivery | E17: 10.1039/c9lc00861f | G17: Limited clinical or large-animal validation | H17: 1 | K17: Provided article-level Table S2 coding (renumbered to current main bibliography) | L17: https://doi.org/10.1039/c9lc00861f | M17: 100.0 | N17: YES
A18: 195 | B18: S2 | C18: 10: Skin-linked systemic toxicity chips | D18: Toxicity of topically applied drugs beyond skin irritation: Static skin model vs | E18: 10.1016/j.ijpharm.2020.119788 | G18: Limited clinical or large-animal validation | H18: 1 | K18: Provided article-level Table S2 coding (renumbered to current main bibliography) | L18: https://doi.org/10.1016/j.ijpharm.2020.119788 | M18: 100.0 | N18: YES
A19: 196 | B19: S2 | C19: 14: Dynamic reconstructed skin-on-chip for topical sensitizer response | D19: Proof-of-concept organ-on-chip study: topical cinnamaldehyde exposure of reconstructed human skin with integrated neopapillae cultured under dynamic flow | E19: 10.3390/pharmaceutics14081529 | G19: Limited clinical or large-animal validation | H19: 1 | K19: Provided article-level Table S2 coding (renumbered to current main bibliography) | L19: https://doi.org/10.3390/pharmaceutics14081529 | M19: 100.0 | N19: YES
A20: 197 | B20: S2 | C20: 15: Perfused inflammatory skin-on-chip with rapid cytokine detection | D20: Skin-on-a-Chip Coupled with a Rapid Inflammation Detection System for Cosmetic Ingredient Screening | G20: Limited clinical or large-animal validation | H20: 1 | K20: Provided article-level Table S2 coding (renumbered to current main bibliography) | M20: 100.0 | N20: YES
A21: 198 | B21: S2 | C21: 16: Epidermal pruritus and barrier-support skin-on-chip | D21: Skin-on-Chip and clinical evaluation of the soothing potential of a topical natural treatment for atopic-prone skin: An exploratory study | E21: 10.1016/j.biopha.2025.118957 | G21: Limited clinical or large-animal validation | H21: 1 | K21: Provided article-level Table S2 coding (renumbered to current main bibliography) | L21: https://doi.org/10.1016/j.biopha.2025.118957 | M21: 100.0 | N21: YES
A22: 155 | B22: S2 | C22: 2: Perfused dermal perivascular angiogenesis chip | D22: A 3D millifluidic model of a dermal perivascular microenvironment on a chip | E22: 10.1039/d4lc00898g | G22: Limited full-thickness cutaneous fidelity | H22: 1 | K22: Provided article-level Table S2 coding (renumbered to current main bibliography) | L22: https://doi.org/10.1039/d4lc00898g | M22: 100.0 | N22: YES
A23: 164 | B23: S2 | C23: 5: Oxygen-gradient angiogenesis module | D23: Studying sprouting angiogenesis under combination of oxygen gradients and co-culture of fibroblasts using microfluidic cell culture model | E23: 10.1016/j.mtbio.2023.100703 | G23: Limited full-thickness cutaneous fidelity | H23: 1 | K23: Provided article-level Table S2 coding (renumbered to current main bibliography) | L23: https://doi.org/10.1016/j.mtbio.2023.100703 | M23: 100.0 | N23: YES
A24: 58 | B24: S2 | C24: 12: Perfused inflammatory full-thickness skin-on-chip model for drug-response testing | D24: Analysis of drug efficacy for inflammatory skin on an organ-chip system | G24: Limited full-thickness cutaneous fidelity | H24: 0 | K24: Source-specific correction from Quan et al. 2022, not Gard et al. 2023; full-text primary source verified. Provided article-level Table S2 coding (renumbered to current main bibliography) | L24: https://doi.org/10.3389/fbioe.2022.939629 | M24: 100.0 | N24: YES
A25: 169 | B25: S2 | C25: 13: Infection-activated vessel-on-chip | D25: An in vitro human vessel model to study Neisseria meningitidis colonization and vascular damages | E25: 10.7554/eLife.107813 | G25: Limited full-thickness cutaneous fidelity | H25: 1 | K25: Provided article-level Table S2 coding (renumbered to current main bibliography) | L25: https://doi.org/10.7554/eLife.107813 | M25: 100.0 | N25: YES
A26: 101 | B26: S2 | C26: 18: Multiplexed wound-exudate sensing patches | D26: A flexible multiplexed immunosensor for point-of-care in situ wound monitoring | E26: 10.1126/sciadv.abg9614 | G26: Limited full-thickness cutaneous fidelity | H26: 1 | K26: Provided article-level Table S2 coding (renumbered to current main bibliography) | L26: https://doi.org/10.1126/sciadv.abg9614 | M26: 100.0 | N26: YES
A27: 182 | B27: S2 | C27: 18: Multiplexed wound-exudate sensing patches | D27: A flexible and multimodal biosensing patch integrated with microfluidics for chronic wound monitoring | E27: 10.1016/j.cej.2024.157673 | G27: Limited full-thickness cutaneous fidelity | H27: 1 | K27: Provided article-level Table S2 coding (renumbered to current main bibliography) | L27: https://doi.org/10.1016/j.cej.2024.157673 | M27: 100.0 | N27: YES
A28: 197 | B28: S2 | C28: 15: Perfused inflammatory skin-on-chip with rapid cytokine detection | D28: Skin-on-a-Chip Coupled with a Rapid Inflammation Detection System for Cosmetic Ingredient Screening | G28: Limited full-thickness cutaneous fidelity | H28: 1 | K28: Provided article-level Table S2 coding (renumbered to current main bibliography) | M28: 100.0 | N28: YES
A29: 198 | B29: S2 | C29: 16: Epidermal pruritus and barrier-support skin-on-chip | D29: Skin-on-Chip and clinical evaluation of the soothing potential of a topical natural treatment for atopic-prone skin: An exploratory study | E29: 10.1016/j.biopha.2025.118957 | G29: Limited full-thickness cutaneous fidelity | H29: 1 | K29: Provided article-level Table S2 coding (renumbered to current main bibliography) | L29: https://doi.org/10.1016/j.biopha.2025.118957 | M29: 100.0 | N29: YES
A30: 155 | B30: S2 | C30: 2: Perfused dermal perivascular angiogenesis chip | D30: A 3D millifluidic model of a dermal perivascular microenvironment on a chip | E30: 10.1039/d4lc00898g | G30: Limited immune-cell complexity | H30: 1 | K30: Provided article-level Table S2 coding (renumbered to current main bibliography) | L30: https://doi.org/10.1039/d4lc00898g | M30: 100.0 | N30: YES
A31: 158 | B31: S2 | C31: 3: Ex vivo full-thickness human skin microbioreactor | D31: Design and evaluation of a skin-on-a-chip pumpless microfluidic device | E31: 10.1038/s41598-023-34796-3 | G31: Limited immune-cell complexity | H31: 1 | K31: Provided article-level Table S2 coding (renumbered to current main bibliography) | L31: https://doi.org/10.1038/s41598-023-34796-3 | M31: 100.0 | N31: YES
A32: 159 | B32: S2 | C32: 4: Layered tissue-generation chip | D32: A new microfluidic method enabling the generation of multi-layered tissues-on-chips using skin cells as a proof of concept | E32: 10.1038/s41598-021-91875-z | G32: Limited immune-cell complexity | H32: 1 | K32: Provided article-level Table S2 coding (renumbered to current main bibliography) | L32: https://doi.org/10.1038/s41598-021-91875-z | M32: 100.0 | N32: YES
A33: 164 | B33: S2 | C33: 5: Oxygen-gradient angiogenesis module | D33: Studying sprouting angiogenesis under combination of oxygen gradients and co-culture of fibroblasts using microfluidic cell culture model | E33: 10.1016/j.mtbio.2023.100703 | G33: Limited immune-cell complexity | H33: 1 | K33: Provided article-level Table S2 coding (renumbered to current main bibliography) | L33: https://doi.org/10.1016/j.mtbio.2023.100703 | M33: 100.0 | N33: YES
A34: 166 | B34: S2 | C34: 7: Perfused reconstructed skin-on-chip for transdermal diffusion | D34: In silico approach for validating organ-on-chips: exemplifying through a skin-on-chip device | E34: 10.1007/s10404-025-02863-y | G34: Limited immune-cell complexity | H34: 1 | K34: Provided article-level Table S2 coding (renumbered to current main bibliography) | L34: https://doi.org/10.1007/s10404-025-02863-y | M34: 100.0 | N34: YES
A35: 58 | B35: S2 | C35: 12: Perfused inflammatory full-thickness skin-on-chip model for drug-response testing | D35: Analysis of drug efficacy for inflammatory skin on an organ-chip system | G35: Limited immune-cell complexity | H35: 1 | K35: Source-specific correction from Quan et al. 2022, not Gard et al. 2023; full-text primary source verified. Provided article-level Table S2 coding (renumbered to current main bibliography) | L35: https://doi.org/10.3389/fbioe.2022.939629 | M35: 100.0 | N35: YES
A36: 181 | B36: S2 | C36: 8: Perfused 3D skin-on-chip for barrier validation and drug permeation | D36: A 3D microfluidic model for preclinical drug permeation studies: Advancing validation of skin-on-chip technology | E36: 10.1016/j.jpba.2025.117187 | G36: Limited immune-cell complexity | H36: 1 | K36: Provided article-level Table S2 coding (renumbered to current main bibliography) | L36: https://doi.org/10.1016/j.jpba.2025.117187 | M36: 100.0 | N36: YES
A37: 183 | B37: S2 | C37: 19: Battery-free lactate prognostic wound monitor | D37: A miniaturized, battery‐free, wireless wound monitor that predicts wound closure rate early | E37: 10.1002/adhm.202301280 | G37: Limited immune-cell complexity | H37: 1 | K37: Provided article-level Table S2 coding (renumbered to current main bibliography) | L37: https://doi.org/10.1002/adhm.202301280 | M37: 100.0 | N37: YES
A38: 194 | B38: S2 | C38: 10: Skin-linked systemic toxicity chips | D38: Microphysiological heart–liver body-on-a-chip system with a skin mimic for evaluating topical drug delivery | E38: 10.1039/c9lc00861f | G38: Limited immune-cell complexity | H38: 1 | K38: Provided article-level Table S2 coding (renumbered to current main bibliography) | L38: https://doi.org/10.1039/c9lc00861f | M38: 100.0 | N38: YES
A39: 195 | B39: S2 | C39: 10: Skin-linked systemic toxicity chips | D39: Toxicity of topically applied drugs beyond skin irritation: Static skin model vs | E39: 10.1016/j.ijpharm.2020.119788 | G39: Limited immune-cell complexity | H39: 1 | K39: Provided article-level Table S2 coding (renumbered to current main bibliography) | L39: https://doi.org/10.1016/j.ijpharm.2020.119788 | M39: 100.0 | N39: YES
A40: 196 | B40: S2 | C40: 14: Dynamic reconstructed skin-on-chip for topical sensitizer response | D40: Proof-of-concept organ-on-chip study: topical cinnamaldehyde exposure of reconstructed human skin with integrated neopapillae cultured under dynamic flow | E40: 10.3390/pharmaceutics14081529 | G40: Limited immune-cell complexity | H40: 1 | K40: Provided article-level Table S2 coding (renumbered to current main bibliography) | L40: https://doi.org/10.3390/pharmaceutics14081529 | M40: 100.0 | N40: YES
A41: 197 | B41: S2 | C41: 15: Perfused inflammatory skin-on-chip with rapid cytokine detection | D41: Skin-on-a-Chip Coupled with a Rapid Inflammation Detection System for Cosmetic Ingredient Screening | G41: Limited immune-cell complexity | H41: 1 | K41: Provided article-level Table S2 coding (renumbered to current main bibliography) | M41: 100.0 | N41: YES
A42: 198 | B42: S2 | C42: 16: Epidermal pruritus and barrier-support skin-on-chip | D42: Skin-on-Chip and clinical evaluation of the soothing potential of a topical natural treatment for atopic-prone skin: An exploratory study | E42: 10.1016/j.biopha.2025.118957 | G42: Limited immune-cell complexity | H42: 1 | K42: Provided article-level Table S2 coding (renumbered to current main bibliography) | L42: https://doi.org/10.1016/j.biopha.2025.118957 | M42: 100.0 | N42: YES
A43: 158 | B43: S2 | C43: 3: Ex vivo full-thickness human skin microbioreactor | D43: Design and evaluation of a skin-on-a-chip pumpless microfluidic device | E43: 10.1038/s41598-023-34796-3 | G43: Limited repair-quality endpoints | H43: 1 | K43: Provided article-level Table S2 coding (renumbered to current main bibliography) | L43: https://doi.org/10.1038/s41598-023-34796-3 | M43: 100.0 | N43: YES
A44: 159 | B44: S2 | C44: 4: Layered tissue-generation chip | D44: A new microfluidic method enabling the generation of multi-layered tissues-on-chips using skin cells as a proof of concept | E44: 10.1038/s41598-021-91875-z | G44: Limited repair-quality endpoints | H44: 1 | K44: Provided article-level Table S2 coding (renumbered to current main bibliography) | L44: https://doi.org/10.1038/s41598-021-91875-z | M44: 100.0 | N44: YES
A45: 58 | B45: S2 | C45: 12: Perfused inflammatory full-thickness skin-on-chip model for drug-response testing | D45: Analysis of drug efficacy for inflammatory skin on an organ-chip system | G45: Limited repair-quality endpoints | H45: 1 | K45: Source-specific correction from Quan et al. 2022, not Gard et al. 2023; full-text primary source verified. Provided article-level Table S2 coding (renumbered to current main bibliography) | L45: https://doi.org/10.3389/fbioe.2022.939629 | M45: 100.0 | N45: YES
A46: 169 | B46: S2 | C46: 13: Infection-activated vessel-on-chip | D46: An in vitro human vessel model to study Neisseria meningitidis colonization and vascular damages | E46: 10.7554/eLife.107813 | G46: Limited repair-quality endpoints | H46: 1 | K46: Provided article-level Table S2 coding (renumbered to current main bibliography) | L46: https://doi.org/10.7554/eLife.107813 | M46: 100.0 | N46: YES
A47: 101 | B47: S2 | C47: 18: Multiplexed wound-exudate sensing patches | D47: A flexible multiplexed immunosensor for point-of-care in situ wound monitoring | E47: 10.1126/sciadv.abg9614 | G47: Limited repair-quality endpoints | H47: 1 | K47: Provided article-level Table S2 coding (renumbered to current main bibliography) | L47: https://doi.org/10.1126/sciadv.abg9614 | M47: 100.0 | N47: YES
A48: 182 | B48: S2 | C48: 18: Multiplexed wound-exudate sensing patches | D48: A flexible and multimodal biosensing patch integrated with microfluidics for chronic wound monitoring | E48: 10.1016/j.cej.2024.157673 | G48: Limited repair-quality endpoints | H48: 1 | K48: Provided article-level Table S2 coding (renumbered to current main bibliography) | L48: https://doi.org/10.1016/j.cej.2024.157673 | M48: 100.0 | N48: YES
A49: 183 | B49: S2 | C49: 19: Battery-free lactate prognostic wound monitor | D49: A miniaturized, battery‐free, wireless wound monitor that predicts wound closure rate early | E49: 10.1002/adhm.202301280 | G49: Limited repair-quality endpoints | H49: 1 | K49: Provided article-level Table S2 coding (renumbered to current main bibliography) | L49: https://doi.org/10.1002/adhm.202301280 | M49: 100.0 | N49: YES
A50: 188 | B50: S2 | C50: 22: Closed-loop wound-management platform with on-chip inference and drug delivery | D50: Smart Wound Management System Capable of On‐Chip Machine Learning and Closed‐Loop Therapeutic Feedback | E50: 10.1002/adfm.202522329 | G50: Limited repair-quality endpoints | H50: 1 | K50: Provided article-level Table S2 coding (renumbered to current main bibliography) | L50: https://doi.org/10.1002/adfm.202522329 | M50: 100.0 | N50: YES
A51: 192 | B51: S2 | C51: 9: Ex vivo and surrogate skin dynamic permeation platforms | D51: Skin-on-a-chip device for ex vivo monitoring of transdermal delivery of drugs—design, fabrication, and testing | E51: 10.3390/pharmaceutics11090445 | G51: Limited repair-quality endpoints | H51: 1 | K51: Provided article-level Table S2 coding (renumbered to current main bibliography) | L51: https://doi.org/10.3390/pharmaceutics11090445 | M51: 100.0 | N51: YES
A52: 193 | B52: S2 | C52: 9: Ex vivo and surrogate skin dynamic permeation platforms | D52: Comparison between Franz diffusion cell and a novel micro-physiological system for in vitro penetration assay using different skin models | E52: 10.1016/j.slast.2021.12.006 | G52: Limited repair-quality endpoints | H52: 1 | K52: Provided article-level Table S2 coding (renumbered to current main bibliography) | L52: https://doi.org/10.1016/j.slast.2021.12.006 | M52: 100.0 | N52: YES
A53: 194 | B53: S2 | C53: 10: Skin-linked systemic toxicity chips | D53: Microphysiological heart–liver body-on-a-chip system with a skin mimic for evaluating topical drug delivery | E53: 10.1039/c9lc00861f | G53: Limited repair-quality endpoints | H53: 1 | K53: Provided article-level Table S2 coding (renumbered to current main bibliography) | L53: https://doi.org/10.1039/c9lc00861f | M53: 100.0 | N53: YES
A54: 195 | B54: S2 | C54: 10: Skin-linked systemic toxicity chips | D54: Toxicity of topically applied drugs beyond skin irritation: Static skin model vs | E54: 10.1016/j.ijpharm.2020.119788 | G54: Limited repair-quality endpoints | H54: 1 | K54: Provided article-level Table S2 coding (renumbered to current main bibliography) | L54: https://doi.org/10.1016/j.ijpharm.2020.119788 | M54: 100.0 | N54: YES
A55: 198 | B55: S2 | C55: 16: Epidermal pruritus and barrier-support skin-on-chip | D55: Skin-on-Chip and clinical evaluation of the soothing potential of a topical natural treatment for atopic-prone skin: An exploratory study | E55: 10.1016/j.biopha.2025.118957 | G55: Limited repair-quality endpoints | H55: 1 | K55: Provided article-level Table S2 coding (renumbered to current main bibliography) | L55: https://doi.org/10.1016/j.biopha.2025.118957 | M55: 100.0 | N55: YES
A56: 155 | B56: S2 | C56: 2: Perfused dermal perivascular angiogenesis chip | D56: A 3D millifluidic model of a dermal perivascular microenvironment on a chip | E56: 10.1039/d4lc00898g | G56: No chronic or diabetic wound context | H56: 1 | K56: Provided article-level Table S2 coding (renumbered to current main bibliography) | L56: https://doi.org/10.1039/d4lc00898g | M56: 100.0 | N56: YES
A57: 158 | B57: S2 | C57: 3: Ex vivo full-thickness human skin microbioreactor | D57: Design and evaluation of a skin-on-a-chip pumpless microfluidic device | E57: 10.1038/s41598-023-34796-3 | G57: No chronic or diabetic wound context | H57: 1 | K57: Provided article-level Table S2 coding (renumbered to current main bibliography) | L57: https://doi.org/10.1038/s41598-023-34796-3 | M57: 100.0 | N57: YES
... A60: 166 | B60: S2 | C60: 7: Perfused reconstructed skin-on-chip for transdermal diffusion | D60: In silico approach for validating organ-on-chips: exemplifying through a skin-on-chip device | E60: 10.1007/s10404-025-02863-y | G60: No chronic or diabetic wound context | H60: 1 | K60: Provided article-level Table S2 coding (renumbered to current main bibliography) | L60: https://doi.org/10.1007/s10404-025-02863-y | M60: 100.0 | N60: YES
A61: 58 | B61: S2 | C61: 12: Perfused inflammatory full-thickness skin-on-chip model for drug-response testing | D61: Analysis of drug efficacy for inflammatory skin on an organ-chip system | G61: No chronic or diabetic wound context | H61: 1 | K61: Source-specific correction from Quan et al. 2022, not Gard et al. 2023; full-text primary source verified. Provided article-level Table S2 coding (renumbered to current main bibliography) | L61: https://doi.org/10.3389/fbioe.2022.939629 | M61: 100.0 | N61: YES
A62: 169 | B62: S2 | C62: 13: Infection-activated vessel-on-chip | D62: An in vitro human vessel model to study Neisseria meningitidis colonization and vascular damages | E62: 10.7554/eLife.107813 | G62: No chronic or diabetic wound context | H62: 1 | K62: Provided article-level Table S2 coding (renumbered to current main bibliography) | L62: https://doi.org/10.7554/eLife.107813 | M62: 100.0 | N62: YES
A63: 181 | B63: S2 | C63: 8: Perfused 3D skin-on-chip for barrier validation and drug permeation | D63: A 3D microfluidic model for preclinical drug permeation studies: Advancing validation of skin-on-chip technology | E63: 10.1016/j.jpba.2025.117187 | G63: No chronic or diabetic wound context | H63: 1 | K63: Provided article-level Table S2 coding (renumbered to current main bibliography) | L63: https://doi.org/10.1016/j.jpba.2025.117187 | M63: 100.0 | N63: YES
A64: 188 | B64: S2 | C64: 22: Closed-loop wound-management platform with on-chip inference and drug delivery | D64: Smart Wound Management System Capable of On‐Chip Machine Learning and Closed‐Loop Therapeutic Feedback | E64: 10.1002/adfm.202522329 | G64: No chronic or diabetic wound context | H64: 1 | K64: Provided article-level Table S2 coding (renumbered to current main bibliography) | L64: https://doi.org/10.1002/adfm.202522329 | M64: 100.0 | N64: YES
A65: 192 | B65: S2 | C65: 9: Ex vivo and surrogate skin dynamic permeation platforms | D65: Skin-on-a-chip device for ex vivo monitoring of transdermal delivery of drugs—design, fabrication, and testing | E65: 10.3390/pharmaceutics11090445 | G65: No chronic or diabetic wound context | H65: 1 | K65: Provided article-level Table S2 coding (renumbered to current main bibliography) | L65: https://doi.org/10.3390/pharmaceutics11090445 | M65: 100.0 | N65: YES
A66: 193 | B66: S2 | C66: 9: Ex vivo and surrogate skin dynamic permeation platforms | D66: Comparison between Franz diffusion cell and a novel micro-physiological system for in vitro penetration assay using different skin models | E66: 10.1016/j.slast.2021.12.006 | G66: No chronic or diabetic wound context | H66: 1 | K66: Provided article-level Table S2 coding (renumbered to current main bibliography) | L66: https://doi.org/10.1016/j.slast.2021.12.006 | M66: 100.0 | N66: YES
A67: 194 | B67: S2 | C67: 10: Skin-linked systemic toxicity chips | D67: Microphysiological heart–liver body-on-a-chip system with a skin mimic for evaluating topical drug delivery | E67: 10.1039/c9lc00861f | G67: No chronic or diabetic wound context | H67: 1 | K67: Provided article-level Table S2 coding (renumbered to current main bibliography) | L67: https://doi.org/10.1039/c9lc00861f | M67: 100.0 | N67: YES
A68: 195 | B68: S2 | C68: 10: Skin-linked systemic toxicity chips | D68: Toxicity of topically applied drugs beyond skin irritation: Static skin model vs | E68: 10.1016/j.ijpharm.2020.119788 | G68: No chronic or diabetic wound context | H68: 1 | K68: Provided article-level Table S2 coding (renumbered to current main bibliography) | L68: https://doi.org/10.1016/j.ijpharm.2020.119788 | M68: 100.0 | N68: YES
A69: 196 | B69: S2 | C69: 14: Dynamic reconstructed skin-on-chip for topical sensitizer response | D69: Proof-of-concept organ-on-chip study: topical cinnamaldehyde exposure of reconstructed human skin with integrated neopapillae cultured under dynamic flow | E69: 10.3390/pharmaceutics14081529 | G69: No chronic or diabetic wound context | H69: 1 | K69: Provided article-level Table S2 coding (renumbered to current main bibliography) | L69: https://doi.org/10.3390/pharmaceutics14081529 | M69: 100.0 | N69: YES
A70: 197 | B70: S2 | C70: 15: Perfused inflammatory skin-on-chip with rapid cytokine detection | D70: Skin-on-a-Chip Coupled with a Rapid Inflammation Detection System for Cosmetic Ingredient Screening | G70: No chronic or diabetic wound context | H70: 1 | K70: Provided article-level Table S2 coding (renumbered to current main bibliography) | M70: 100.0 | N70: YES
A71: 198 | B71: S2 | C71: 16: Epidermal pruritus and barrier-support skin-on-chip | D71: Skin-on-Chip and clinical evaluation of the soothing potential of a topical natural treatment for atopic-prone skin: An exploratory study | E71: 10.1016/j.biopha.2025.118957 | G71: No chronic or diabetic wound context | H71: 1 | K71: Provided article-level Table S2 coding (renumbered to current main bibliography) | L71: https://doi.org/10.1016/j.biopha.2025.118957 | M71: 100.0 | N71: YES
A72: 155 | B72: S2 | C72: 2: Perfused dermal perivascular angiogenesis chip | D72: A 3D millifluidic model of a dermal perivascular microenvironment on a chip | E72: 10.1039/d4lc00898g | G72: No direct wound injury or closure | H72: 1 | K72: Provided article-level Table S2 coding (renumbered to current main bibliography) | L72: https://doi.org/10.1039/d4lc00898g | M72: 100.0 | N72: YES
A73: 158 | B73: S2 | C73: 3: Ex vivo full-thickness human skin microbioreactor | D73: Design and evaluation of a skin-on-a-chip pumpless microfluidic device | E73: 10.1038/s41598-023-34796-3 | G73: No direct wound injury or closure | H73: 1 | K73: Provided article-level Table S2 coding (renumbered to current main bibliography) | L73: https://doi.org/10.1038/s41598-023-34796-3 | M73: 100.0 | N73: YES
A74: 159 | B74: S2 | C74: 4: Layered tissue-generation chip | D74: A new microfluidic method enabling the generation of multi-layered tissues-on-chips using skin cells as a proof of concept | E74: 10.1038/s41598-021-91875-z | G74: No direct wound injury or closure | H74: 1 | K74: Provided article-level Table S2 coding (renumbered to current main bibliography) | L74: https://doi.org/10.1038/s41598-021-91875-z | M74: 100.0 | N74: YES
A75: 164 | B75: S2 | C75: 5: Oxygen-gradient angiogenesis module | D75: Studying sprouting angiogenesis under combination of oxygen gradients and co-culture of fibroblasts using microfluidic cell culture model | E75: 10.1016/j.mtbio.2023.100703 | G75: No direct wound injury or closure | H75: 1 | K75: Provided article-level Table S2 coding (renumbered to current main bibliography) | L75: https://doi.org/10.1016/j.mtbio.2023.100703 | M75: 100.0 | N75: YES
A76: 166 | B76: S2 | C76: 7: Perfused reconstructed skin-on-chip for transdermal diffusion | D76: In silico approach for validating organ-on-chips: exemplifying through a skin-on-chip device | E76: 10.1007/s10404-025-02863-y | G76: No direct wound injury or closure | H76: 1 | K76: Provided article-level Table S2 coding (renumbered to current main bibliography) | L76: https://doi.org/10.1007/s10404-025-02863-y | M76: 100.0 | N76: YES
A77: 58 | B77: S2 | C77: 12: Perfused inflammatory full-thickness skin-on-chip model for drug-response testing | D77: Analysis of drug efficacy for inflammatory skin on an organ-chip system | G77: No direct wound injury or closure | H77: 1 | K77: Source-specific correction from Quan et al. 2022, not Gard et al. 2023; full-text primary source verified. Provided article-level Table S2 coding (renumbered to current main bibliography) | L77: https://doi.org/10.3389/fbioe.2022.939629 | M77: 100.0 | N77: YES
A78: 169 | B78: S2 | C78: 13: Infection-activated vessel-on-chip | D78: An in vitro human vessel model to study Neisseria meningitidis colonization and vascular damages | E78: 10.7554/eLife.107813 | G78: No direct wound injury or closure | H78: 1 | K78: Provided article-level Table S2 coding (renumbered to current main bibliography) | L78: https://doi.org/10.7554/eLife.107813 | M78: 100.0 | N78: YES
A79: 181 | B79: S2 | C79: 8: Perfused 3D skin-on-chip for barrier validation and drug permeation | D79: A 3D microfluidic model for preclinical drug permeation studies: Advancing validation of skin-on-chip technology | E79: 10.1016/j.jpba.2025.117187 | G79: No direct wound injury or closure | H79: 1 | K79: Provided article-level Table S2 coding (renumbered to current main bibliography) | L79: https://doi.org/10.1016/j.jpba.2025.117187 | M79: 100.0 | N79: YES
A80: 192 | B80: S2 | C80: 9: Ex vivo and surrogate skin dynamic permeation platforms | D80: Skin-on-a-chip device for ex vivo monitoring of transdermal delivery of drugs—design, fabrication, and testing | E80: 10.3390/pharmaceutics11090445 | G80: No direct wound injury or closure | H80: 1 | K80: Provided article-level Table S2 coding (renumbered to current main bibliography) | L80: https://doi.org/10.3390/pharmaceutics11090445 | M80: 100.0 | N80: YES
A81: 193 | B81: S2 | C81: 9: Ex vivo and surrogate skin dynamic permeation platforms | D81: Comparison between Franz diffusion cell and a novel micro-physiological system for in vitro penetration assay using different skin models | E81: 10.1016/j.slast.2021.12.006 | G81: No direct wound injury or closure | H81: 1 | K81: Provided article-level Table S2 coding (renumbered to current main bibliography) | L81: https://doi.org/10.1016/j.slast.2021.12.006 | M81: 100.0 | N81: YES
A82: 194 | B82: S2 | C82: 10: Skin-linked systemic toxicity chips | D82: Microphysiological heart–liver body-on-a-chip system with a skin mimic for evaluating topical drug delivery | E82: 10.1039/c9lc00861f | G82: No direct wound injury or closure | H82: 1 | K82: Provided article-level Table S2 coding (renumbered to current main bibliography) | L82: https://doi.org/10.1039/c9lc00861f | M82: 100.0 | N82: YES
A83: 195 | B83: S2 | C83: 10: Skin-linked systemic toxicity chips | D83: Toxicity of topically applied drugs beyond skin irritation: Static skin model vs | E83: 10.1016/j.ijpharm.2020.119788 | G83: No direct wound injury or closure | H83: 1 | K83: Provided article-level Table S2 coding (renumbered to current main bibliography) | L83: https://doi.org/10.1016/j.ijpharm.2020.119788 | M83: 100.0 | N83: YES
A84: 196 | B84: S2 | C84: 14: Dynamic reconstructed skin-on-chip for topical sensitizer response | D84: Proof-of-concept organ-on-chip study: topical cinnamaldehyde exposure of reconstructed human skin with integrated neopapillae cultured under dynamic flow | E84: 10.3390/pharmaceutics14081529 | G84: No direct wound injury or closure | H84: 1 | K84: Provided article-level Table S2 coding (renumbered to current main bibliography) | L84: https://doi.org/10.3390/pharmaceutics14081529 | M84: 100.0 | N84: YES
A85: 197 | B85: S2 | C85: 15: Perfused inflammatory skin-on-chip with rapid cytokine detection | D85: Skin-on-a-Chip Coupled with a Rapid Inflammation Detection System for Cosmetic Ingredient Screening | G85: No direct wound injury or closure | H85: 1 | K85: Provided article-level Table S2 coding (renumbered to current main bibliography) | M85: 100.0 | N85: YES
A86: 198 | B86: S2 | C86: 16: Epidermal pruritus and barrier-support skin-on-chip | D86: Skin-on-Chip and clinical evaluation of the soothing potential of a topical natural treatment for atopic-prone skin: An exploratory study | E86: 10.1016/j.biopha.2025.118957 | G86: No direct wound injury or closure | H86: 1 | K86: Provided article-level Table S2 coding (renumbered to current main bibliography) | L86: https://doi.org/10.1016/j.biopha.2025.118957 | M86: 100.0 | N86: YES
A87: 155 | B87: S2 | C87: 2: Perfused dermal perivascular angiogenesis chip | D87: A 3D millifluidic model of a dermal perivascular microenvironment on a chip | E87: 10.1039/d4lc00898g | G87: No infection or biofilm module | H87: 1 | K87: Provided article-level Table S2 coding (renumbered to current main bibliography) | L87: https://doi.org/10.1039/d4lc00898g | M87: 100.0 | N87: YES
A88: 158 | B88: S2 | C88: 3: Ex vivo full-thickness human skin microbioreactor | D88: Design and evaluation of a skin-on-a-chip pumpless microfluidic device | E88: 10.1038/s41598-023-34796-3 | G88: No infection or biofilm module | H88: 1 | K88: Provided article-level Table S2 coding (renumbered to current main bibliography) | L88: https://doi.org/10.1038/s41598-023-34796-3 | M88: 100.0 | N88: YES
A89: 159 | B89: S2 | C89: 4: Layered tissue-generation chip | D89: A new microfluidic method enabling the generation of multi-layered tissues-on-chips using skin cells as a proof of concept | E89: 10.1038/s41598-021-91875-z | G89: No infection or biofilm module | H89: 1 | K89: Provided article-level Table S2 coding (renumbered to current main bibliography) | L89: https://doi.org/10.1038/s41598-021-91875-z | M89: 100.0 | N89: YES
A90: 164 | B90: S2 | C90: 5: Oxygen-gradient angiogenesis module | D90: Studying sprouting angiogenesis under combination of oxygen gradients and co-culture of fibroblasts using microfluidic cell culture model | E90: 10.1016/j.mtbio.2023.100703 | G90: No infection or biofilm module | H90: 1 | K90: Provided article-level Table S2 coding (renumbered to current main bibliography) | L90: https://doi.org/10.1016/j.mtbio.2023.100703 | M90: 100.0 | N90: YES
A91: 166 | B91: S2 | C91: 7: Perfused reconstructed skin-on-chip for transdermal diffusion | D91: In silico approach for validating organ-on-chips: exemplifying through a skin-on-chip device | E91: 10.1007/s10404-025-02863-y | G91: No infection or biofilm module | H91: 1 | K91: Provided article-level Table S2 coding (renumbered to current main bibliography) | L91: https://doi.org/10.1007/s10404-025-02863-y | M91: 100.0 | N91: YES
A92: 58 | B92: S2 | C92: 12: Perfused inflammatory full-thickness skin-on-chip model for drug-response testing | D92: Analysis of drug efficacy for inflammatory skin on an organ-chip system | G92: No infection or biofilm module | H92: 0 | K92: Source-specific correction from Quan et al. 2022, not Gard et al. 2023; full-text primary source verified. Provided article-level Table S2 coding (renumbered to current main bibliography) | L92: https://doi.org/10.3389/fbioe.2022.939629 | M92: 100.0 | N92: YES
A93: 181 | B93: S2 | C93: 8: Perfused 3D skin-on-chip for barrier validation and drug permeation | D93: A 3D microfluidic model for preclinical drug permeation studies: Advancing validation of skin-on-chip technology | E93: 10.1016/j.jpba.2025.117187 | G93: No infection or biofilm module | H93: 1 | K93: Provided article-level Table S2 coding (renumbered to current main bibliography) | L93: https://doi.org/10.1016/j.jpba.2025.117187 | M93: 100.0 | N93: YES
A94: 188 | B94: S2 | C94: 22: Closed-loop wound-management platform with on-chip inference and drug delivery | D94: Smart Wound Management System Capable of On‐Chip Machine Learning and Closed‐Loop Therapeutic Feedback | E94: 10.1002/adfm.202522329 | G94: No infection or biofilm module | H94: 1 | K94: Provided article-level Table S2 coding (renumbered to current main bibliography) | L94: https://doi.org/10.1002/adfm.202522329 | M94: 100.0 | N94: YES
A95: 192 | B95: S2 | C95: 9: Ex vivo and surrogate skin dynamic permeation platforms | D95: Skin-on-a-chip device for ex vivo monitoring of transdermal delivery of drugs—design, fabrication, and testing | E95: 10.3390/pharmaceutics11090445 | G95: No infection or biofilm module | H95: 1 | K95: Provided article-level Table S2 coding (renumbered to current main bibliography) | L95: https://doi.org/10.3390/pharmaceutics11090445 | M95: 100.0 | N95: YES
A96: 193 | B96: S2 | C96: 9: Ex vivo and surrogate skin dynamic permeation platforms | D96: Comparison between Franz diffusion cell and a novel micro-physiological system for in vitro penetration assay using different skin models | E96: 10.1016/j.slast.2021.12.006 | G96: No infection or biofilm module | H96: 1 | K96: Provided article-level Table S2 coding (renumbered to current main bibliography) | L96: https://doi.org/10.1016/j.slast.2021.12.006 | M96: 100.0 | N96: YES
A97: 194 | B97: S2 | C97: 10: Skin-linked systemic toxicity chips | D97: Microphysiological heart–liver body-on-a-chip system with a skin mimic for evaluating topical drug delivery | E97: 10.1039/c9lc00861f | G97: No infection or biofilm module | H97: 1 | K97: Provided article-level Table S2 coding (renumbered to current main bibliography) | L97: https://doi.org/10.1039/c9lc00861f | M97: 100.0 | N97: YES
A98: 195 | B98: S2 | C98: 10: Skin-linked systemic toxicity chips | D98: Toxicity of topically applied drugs beyond skin irritation: Static skin model vs | E98: 10.1016/j.ijpharm.2020.119788 | G98: No infection or biofilm module | H98: 1 | K98: Provided article-level Table S2 coding (renumbered to current main bibliography) | L98: https://doi.org/10.1016/j.ijpharm.2020.119788 | M98: 100.0 | N98: YES
A99: 196 | B99: S2 | C99: 14: Dynamic reconstructed skin-on-chip for topical sensitizer response | D99: Proof-of-concept organ-on-chip study: topical cinnamaldehyde exposure of reconstructed human skin with integrated neopapillae cultured under dynamic flow | E99: 10.3390/pharmaceutics14081529 | G99: No infection or biofilm module | H99: 1 | K99: Provided article-level Table S2 coding (renumbered to current main bibliography) | L99: https://doi.org/10.3390/pharmaceutics14081529 | M99: 100.0 | N99: YES
A100: 198 | B100: S2 | C100: 16: Epidermal pruritus and barrier-support skin-on-chip | D100: Skin-on-Chip and clinical evaluation of the soothing potential of a topical natural treatment for atopic-prone skin: An exploratory study | E100: 10.1016/j.biopha.2025.118957 | G100: No infection or biofilm module | H100: 1 | K100: Provided article-level Table S2 coding (renumbered to current main bibliography) | L100: https://doi.org/10.1016/j.biopha.2025.118957 | M100: 100.0 | N100: YES
A101: 155 | B101: S2 | C101: 2: Perfused dermal perivascular angiogenesis chip | D101: A 3D millifluidic model of a dermal perivascular microenvironment on a chip | E101: 10.1039/d4lc00898g | G101: No wound-repair therapeutic testing | H101: 1 | K101: Provided article-level Table S2 coding (renumbered to current main bibliography) | L101: https://doi.org/10.1039/d4lc00898g | M101: 100.0 | N101: YES
A102: 158 | B102: S2 | C102: 3: Ex vivo full-thickness human skin microbioreactor | D102: Design and evaluation of a skin-on-a-chip pumpless microfluidic device | E102: 10.1038/s41598-023-34796-3 | G102: No wound-repair therapeutic testing | H102: 1 | K102: Provided article-level Table S2 coding (renumbered to current main bibliography) | L102: https://doi.org/10.1038/s41598-023-34796-3 | M102: 100.0 | N102: YES
...

Sheet Matrix_S05
A1: Coded domain/category | B1: Study count
A2: Limited clinical or large-animal validation | B2: =COUNTIFS('Code_S05'!$G$2:$G$120,SUBSTITUTE($A2,CHAR(10)," "),'Code_S05'!$H$2:$H$120,1) -> 20
A3: No chronic or diabetic wound context | B3: =COUNTIFS('Code_S05'!$G$2:$G$120,SUBSTITUTE($A3,CHAR(10)," "),'Code_S05'!$H$2:$H$120,1) -> 16
A4: No direct wound injury or closure | B4: =COUNTIFS('Code_S05'!$G$2:$G$120,SUBSTITUTE($A4,CHAR(10)," "),'Code_S05'!$H$2:$H$120,1) -> 15
A5: No wound-repair therapeutic testing | B5: =COUNTIFS('Code_S05'!$G$2:$G$120,SUBSTITUTE($A5,CHAR(10)," "),'Code_S05'!$H$2:$H$120,1) -> 14
A6: No infection or biofilm module | B6: =COUNTIFS('Code_S05'!$G$2:$G$120,SUBSTITUTE($A6,CHAR(10)," "),'Code_S05'!$H$2:$H$120,1) -> 13
A7: Limited immune-cell complexity | B7: =COUNTIFS('Code_S05'!$G$2:$G$120,SUBSTITUTE($A7,CHAR(10)," "),'Code_S05'!$H$2:$H$120,1) -> 13
A8: Limited repair-quality endpoints | B8: =COUNTIFS('Code_S05'!$G$2:$G$120,SUBSTITUTE($A8,CHAR(10)," "),'Code_S05'!$H$2:$H$120,1) -> 13
A9: Limited full-thickness cutaneous fidelity | B9: =COUNTIFS('Code_S05'!$G$2:$G$120,SUBSTITUTE($A9,CHAR(10)," "),'Code_S05'!$H$2:$H$120,1) -> 7
A10: Scale-up or device translation barrier | B10: =COUNTIFS('Code_S05'!$G$2:$G$120,SUBSTITUTE($A10,CHAR(10)," "),'Code_S05'!$H$2:$H$120,1) -> 5
A11: Single-analyte or narrow sensor panel | B11: =COUNTIFS('Code_S05'!$G$2:$G$120,SUBSTITUTE($A11,CHAR(10)," "),'Code_S05'!$H$2:$H$120,1) -> 1

Sheet Code_S06
A1: Main_ref | B1: SI_source_table | C1: SI_table_row | D1: Main_article_title | E1: DOI_in_main_register | F1: Group | G1: Domain | H1: Code_0_1 | I1: Proposed_structural_score | J1: Proposed_disease_score | K1: Provenance_note | L1: Source_URL | M1: Bibliography_title_match_pct | N1: Citation_present_in_main
A2: 200 | B2: S3 | C2: 3: Redox-, glucose-, and mixed-stimulus adaptive hydrogels | D2: Construction of oxidized dextran-based pH/ROS responsive hydrogel with live bacterial microcapsules for accelerating diabetic wound healing via reducing inflammatory factors | E2: 10.1016/j.ijbiomac.2026.151405 | F2: pH-responsive | G2: Release kinetics measured | H2: 1 | K2: ; | M2: 100.0 | N2: YES
A3: 200 | B3: S3 | C3: 3: Redox-, glucose-, and mixed-stimulus adaptive hydrogels | D3: Construction of oxidized dextran-based pH/ROS responsive hydrogel with live bacterial microcapsules for accelerating diabetic wound healing via reducing inflammatory factors | E3: 10.1016/j.ijbiomac.2026.151405 | F3: pH-responsive | G3: Antimicrobial or biofilm control | H3: 1 | K3: ; | M3: 100.0 | N3: YES
A4: 200 | B4: S3 | C4: 3: Redox-, glucose-, and mixed-stimulus adaptive hydrogels | D4: Construction of oxidized dextran-based pH/ROS responsive hydrogel with live bacterial microcapsules for accelerating diabetic wound healing via reducing inflammatory factors | E4: 10.1016/j.ijbiomac.2026.151405 | F4: pH-responsive | G4: Inflammation or macrophage modulation | H4: 1 | K4: ; | M4: 100.0 | N4: YES
A5: 200 | B5: S3 | C5: 3: Redox-, glucose-, and mixed-stimulus adaptive hydrogels | D5: Construction of oxidized dextran-based pH/ROS responsive hydrogel with live bacterial microcapsules for accelerating diabetic wound healing via reducing inflammatory factors | E5: 10.1016/j.ijbiomac.2026.151405 | F5: pH-responsive | G5: Angiogenesis | H5: 1 | K5: ; | M5: 100.0 | N5: YES
A6: 200 | B6: S3 | C6: 3: Redox-, glucose-, and mixed-stimulus adaptive hydrogels | D6: Construction of oxidized dextran-based pH/ROS responsive hydrogel with live bacterial microcapsules for accelerating diabetic wound healing via reducing inflammatory factors | E6: 10.1016/j.ijbiomac.2026.151405 | F6: pH-responsive | G6: Collagen or matrix remodeling | H6: 1 | K6: ; | M6: 100.0 | N6: YES
A7: 200 | B7: S3 | C7: 3: Redox-, glucose-, and mixed-stimulus adaptive hydrogels | D7: Construction of oxidized dextran-based pH/ROS responsive hydrogel with live bacterial microcapsules for accelerating diabetic wound healing via reducing inflammatory factors | E7: 10.1016/j.ijbiomac.2026.151405 | F7: pH-responsive | G7: Re-epithelialization | H7: 1 | K7: ; | M7: 100.0 | N7: YES
A8: 200 | B8: S3 | C8: 3: Redox-, glucose-, and mixed-stimulus adaptive hydrogels | D8: Construction of oxidized dextran-based pH/ROS responsive hydrogel with live bacterial microcapsules for accelerating diabetic wound healing via reducing inflammatory factors | E8: 10.1016/j.ijbiomac.2026.151405 | F8: pH-responsive | G8: Wound closure | H8: 1 | K8: ; | M8: 100.0 | N8: YES
A9: 200 | B9: S3 | C9: 3: Redox-, glucose-, and mixed-stimulus adaptive hydrogels | D9: Construction of oxidized dextran-based pH/ROS responsive hydrogel with live bacterial microcapsules for accelerating diabetic wound healing via reducing inflammatory factors | E9: 10.1016/j.ijbiomac.2026.151405 | F9: pH-responsive | G9: Safety or cytocompatibility | H9: 1 | K9: ; | M9: 100.0 | N9: YES
A10: 201 | B10: S3 | C10: 3: Redox-, glucose-, and mixed-stimulus adaptive hydrogels | D10: pH/ROS responsive hydrogel loaded with bimetallic phenolic nanoparticles: A multifaceted therapeutic strategy for accelerating diabetic wound repair | E10: 10.1016/j.cej.2025.170173 | F10: pH-responsive | G10: Release kinetics measured | H10: 1 | K10: ; | M10: 100.0 | N10: YES
A11: 201 | B11: S3 | C11: 3: Redox-, glucose-, and mixed-stimulus adaptive hydrogels | D11: pH/ROS responsive hydrogel loaded with bimetallic phenolic nanoparticles: A multifaceted therapeutic strategy for accelerating diabetic wound repair | E11: 10.1016/j.cej.2025.170173 | F11: pH-responsive | G11: Antimicrobial or biofilm control | H11: 1 | K11: ; | M11: 100.0 | N11: YES
A12: 201 | B12: S3 | C12: 3: Redox-, glucose-, and mixed-stimulus adaptive hydrogels | D12: pH/ROS responsive hydrogel loaded with bimetallic phenolic nanoparticles: A multifaceted therapeutic strategy for accelerating diabetic wound repair | E12: 10.1016/j.cej.2025.170173 | F12: pH-responsive | G12: Inflammation or macrophage modulation | H12: 1 | K12: ; | M12: 100.0 | N12: YES
A13: 201 | B13: S3 | C13: 3: Redox-, glucose-, and mixed-stimulus adaptive hydrogels | D13: pH/ROS responsive hydrogel loaded with bimetallic phenolic nanoparticles: A multifaceted therapeutic strategy for accelerating diabetic wound repair | E13: 10.1016/j.cej.2025.170173 | F13: pH-responsive | G13: Angiogenesis | H13: 1 | K13: ; | M13: 100.0 | N13: YES
... A62: 210 | B62: S3 | C62: 3: Redox-, glucose-, and mixed-stimulus adaptive hydrogels | D62: ROS-scavenging hydrogel to promote healing of bacteria infected diabetic wounds | E62: 10.1016/j.biomaterials.2020.120286 | F62: ROS/redox-responsive | G62: Wound closure | H62: 1 | K62: ; | M62: 100.0 | N62: YES
A63: 211 | B63: S3 | C63: 3: Redox-, glucose-, and mixed-stimulus adaptive hydrogels | D63: Ros-responsive hydrogel with size-dependent sequential release effects for anti-bacterial and anti-inflammation in diabetic wound healing | F63: ROS/redox-responsive | G63: Release kinetics measured | H63: 1 | K63: ; | M63: 100.0 | N63: YES
A64: 211 | B64: S3 | C64: 3: Redox-, glucose-, and mixed-stimulus adaptive hydrogels | D64: Ros-responsive hydrogel with size-dependent sequential release effects for anti-bacterial and anti-inflammation in diabetic wound healing | F64: ROS/redox-responsive | G64: Antimicrobial or biofilm control | H64: 1 | K64: ; | M64: 100.0 | N64: YES
A65: 211 | B65: S3 | C65: 3: Redox-, glucose-, and mixed-stimulus adaptive hydrogels | D65: Ros-responsive hydrogel with size-dependent sequential release effects for anti-bacterial and anti-inflammation in diabetic wound healing | F65: ROS/redox-responsive | G65: Inflammation or macrophage modulation | H65: 1 | K65: ; | M65: 100.0 | N65: YES
A66: 211 | B66: S3 | C66: 3: Redox-, glucose-, and mixed-stimulus adaptive hydrogels | D66: Ros-responsive hydrogel with size-dependent sequential release effects for anti-bacterial and anti-inflammation in diabetic wound healing | F66: ROS/redox-responsive | G66: Collagen or matrix remodeling | H66: 1 | K66: ; | M66: 100.0 | N66: YES
A67: 211 | B67: S3 | C67: 3: Redox-, glucose-, and mixed-stimulus adaptive hydrogels | D67: Ros-responsive hydrogel with size-dependent sequential release effects for anti-bacterial and anti-inflammation in diabetic wound healing | F67: ROS/redox-responsive | G67: Wound closure | H67: 1 | K67: ; | M67: 100.0 | N67: YES
A68: 211 | B68: S3 | C68: 3: Redox-, glucose-, and mixed-stimulus adaptive hydrogels | D68: Ros-responsive hydrogel with size-dependent sequential release effects for anti-bacterial and anti-inflammation in diabetic wound healing | F68: ROS/redox-responsive | G68: Safety or cytocompatibility | H68: 1 | K68: ; | M68: 100.0 | N68: YES
A69: 212 | B69: S3 | C69: 3: Redox-, glucose-, and mixed-stimulus adaptive hydrogels | D69: Smart multifunctional ROS-responsive supramolecular hydrogel for simultaneously regulating oxidative stress, immune dysregulation, and bacterial infection in diabetic wound healing | E69: 10.1016/j.biomaterials.2026.124006 | F69: ROS/redox-responsive | G69: Release kinetics measured | H69: 1 | K69: ; | M69: 100.0 | N69: YES
A70: 212 | B70: S3 | C70: 3: Redox-, glucose-, and mixed-stimulus adaptive hydrogels | D70: Smart multifunctional ROS-responsive supramolecular hydrogel for simultaneously regulating oxidative stress, immune dysregulation, and bacterial infection in diabetic wound healing | E70: 10.1016/j.biomaterials.2026.124006 | F70: ROS/redox-responsive | G70: Antimicrobial or biofilm control | H70: 1 | K70: ; | M70: 100.0 | N70: YES
A71: 212 | B71: S3 | C71: 3: Redox-, glucose-, and mixed-stimulus adaptive hydrogels | D71: Smart multifunctional ROS-responsive supramolecular hydrogel for simultaneously regulating oxidative stress, immune dysregulation, and bacterial infection in diabetic wound healing | E71: 10.1016/j.biomaterials.2026.124006 | F71: ROS/redox-responsive | G71: Inflammation or macrophage modulation | H71: 1 | K71: ; | M71: 100.0 | N71: YES
A72: 212 | B72: S3 | C72: 3: Redox-, glucose-, and mixed-stimulus adaptive hydrogels | D72: Smart multifunctional ROS-responsive supramolecular hydrogel for simultaneously regulating oxidative stress, immune dysregulation, and bacterial infection in diabetic wound healing | E72: 10.1016/j.biomaterials.2026.124006 | F72: ROS/redox-responsive | G72: Angiogenesis | H72: 1 | K72: ; | M72: 100.0 | N72: YES
A73: 212 | B73: S3 | C73: 3: Redox-, glucose-, and mixed-stimulus adaptive hydrogels | D73: Smart multifunctional ROS-responsive supramolecular hydrogel for simultaneously regulating oxidative stress, immune dysregulation, and bacterial infection in diabetic wound healing | E73: 10.1016/j.biomaterials.2026.124006 | F73: ROS/redox-responsive | G73: Collagen or matrix remodeling | H73: 1 | K73: ; | M73: 100.0 | N73: YES
A74: 212 | B74: S3 | C74: 3: Redox-, glucose-, and mixed-stimulus adaptive hydrogels | D74: Smart multifunctional ROS-responsive supramolecular hydrogel for simultaneously regulating oxidative stress, immune dysregulation, and bacterial infection in diabetic wound healing | E74: 10.1016/j.biomaterials.2026.124006 | F74: ROS/redox-responsive | G74: Re-epithelialization | H74: 1 | K74: ; | M74: 100.0 | N74: YES
A75: 212 | B75: S3 | C75: 3: Redox-, glucose-, and mixed-stimulus adaptive hydrogels | D75: Smart multifunctional ROS-responsive supramolecular hydrogel for simultaneously regulating oxidative stress, immune dysregulation, and bacterial infection in diabetic wound healing | E75: 10.1016/j.biomaterials.2026.124006 | F75: ROS/redox-responsive | G75: Wound closure | H75: 1 | K75: ; | M75: 100.0 | N75: YES
A76: 212 | B76: S3 | C76: 3: Redox-, glucose-, and mixed-stimulus adaptive hydrogels | D76: Smart multifunctional ROS-responsive supramolecular hydrogel for simultaneously regulating oxidative stress, immune dysregulation, and bacterial infection in diabetic wound healing | E76: 10.1016/j.biomaterials.2026.124006 | F76: ROS/redox-responsive | G76: Safety or cytocompatibility | H76: 1 | K76: ; | M76: 100.0 | N76: YES
A77: 214 | B77: S3 | C77: 3: Redox-, glucose-, and mixed-stimulus adaptive hydrogels | D77: A smart ROS-responsive hydrogel for on-demand antibacterial and platelet-rich plasma (PRP) activation in diabetic wound healing | E77: 10.1016/j.jconrel.2025.114392 | F77: ROS/redox-responsive | G77: Release kinetics measured | H77: 1 | K77: ; | M77: 100.0 | N77: YES
A78: 214 | B78: S3 | C78: 3: Redox-, glucose-, and mixed-stimulus adaptive hydrogels | D78: A smart ROS-responsive hydrogel for on-demand antibacterial and platelet-rich plasma (PRP) activation in diabetic wound healing | E78: 10.1016/j.jconrel.2025.114392 | F78: ROS/redox-responsive | G78: Antimicrobial or biofilm control | H78: 1 | K78: ; | M78: 100.0 | N78: YES
A79: 214 | B79: S3 | C79: 3: Redox-, glucose-, and mixed-stimulus adaptive hydrogels | D79: A smart ROS-responsive hydrogel for on-demand antibacterial and platelet-rich plasma (PRP) activation in diabetic wound healing | E79: 10.1016/j.jconrel.2025.114392 | F79: ROS/redox-responsive | G79: Inflammation or macrophage modulation | H79: 1 | K79: ; | M79: 100.0 | N79: YES
A80: 214 | B80: S3 | C80: 3: Redox-, glucose-, and mixed-stimulus adaptive hydrogels | D80: A smart ROS-responsive hydrogel for on-demand antibacterial and platelet-rich plasma (PRP) activation in diabetic wound healing | E80: 10.1016/j.jconrel.2025.114392 | F80: ROS/redox-responsive | G80: Angiogenesis | H80: 1 | K80: ; | M80: 100.0 | N80: YES
... A126: 201 | B126: S3 | C126: 3: Redox-, glucose-, and mixed-stimulus adaptive hydrogels | D126: pH/ROS responsive hydrogel loaded with bimetallic phenolic nanoparticles: A multifaceted therapeutic strategy for accelerating diabetic wound repair | E126: 10.1016/j.cej.2025.170173 | F126: Thermo/NIR or externally actuated | G126: Safety or cytocompatibility | H126: 1 | K126: ; | M126: 100.0 | N126: YES
A127: 211 | B127: S3 | C127: 3: Redox-, glucose-, and mixed-stimulus adaptive hydrogels | D127: Ros-responsive hydrogel with size-dependent sequential release effects for anti-bacterial and anti-inflammation in diabetic wound healing | F127: Thermo/NIR or externally actuated | G127: Release kinetics measured | H127: 1 | K127: ; | M127: 100.0 | N127: YES
A128: 211 | B128: S3 | C128: 3: Redox-, glucose-, and mixed-stimulus adaptive hydrogels | D128: Ros-responsive hydrogel with size-dependent sequential release effects for anti-bacterial and anti-inflammation in diabetic wound healing | F128: Thermo/NIR or externally actuated | G128: Antimicrobial or biofilm control | H128: 1 | K128: ; | M128: 100.0 | N128: YES
A129: 211 | B129: S3 | C129: 3: Redox-, glucose-, and mixed-stimulus adaptive hydrogels | D129: Ros-responsive hydrogel with size-dependent sequential release effects for anti-bacterial and anti-inflammation in diabetic wound healing | F129: Thermo/NIR or externally actuated | G129: Inflammation or macrophage modulation | H129: 1 | K129: ; | M129: 100.0 | N129: YES
A130: 211 | B130: S3 | C130: 3: Redox-, glucose-, and mixed-stimulus adaptive hydrogels | D130: Ros-responsive hydrogel with size-dependent sequential release effects for anti-bacterial and anti-inflammation in diabetic wound healing | F130: Thermo/NIR or externally actuated | G130: Collagen or matrix remodeling | H130: 1 | K130: ; | M130: 100.0 | N130: YES
A131: 211 | B131: S3 | C131: 3: Redox-, glucose-, and mixed-stimulus adaptive hydrogels | D131: Ros-responsive hydrogel with size-dependent sequential release effects for anti-bacterial and anti-inflammation in diabetic wound healing | F131: Thermo/NIR or externally actuated | G131: Wound closure | H131: 1 | K131: ; | M131: 100.0 | N131: YES
A132: 211 | B132: S3 | C132: 3: Redox-, glucose-, and mixed-stimulus adaptive hydrogels | D132: Ros-responsive hydrogel with size-dependent sequential release effects for anti-bacterial and anti-inflammation in diabetic wound healing | F132: Thermo/NIR or externally actuated | G132: Safety or cytocompatibility | H132: 1 | K132: ; | M132: 100.0 | N132: YES
A133: 219 | B133: S3 | C133: 2: Acidic pH-switching adhesive and release matrices | D133: A dual pH-and temperature-responsive hydrogel produced in situ crosslinking of cyclodextrin-cellulose for wound healing | E133: 10.1016/j.ijbiomac.2023.126693 | F133: Thermo/NIR or externally actuated | G133: Release kinetics measured | H133: 1 | K133: ; | M133: 100.0 | N133: YES
A134: 219 | B134: S3 | C134: 2: Acidic pH-switching adhesive and release matrices | D134: A dual pH-and temperature-responsive hydrogel produced in situ crosslinking of cyclodextrin-cellulose for wound healing | E134: 10.1016/j.ijbiomac.2023.126693 | F134: Thermo/NIR or externally actuated | G134: Antimicrobial or biofilm control | H134: 1 | K134: ; | M134: 100.0 | N134: YES
A135: 219 | B135: S3 | C135: 2: Acidic pH-switching adhesive and release matrices | D135: A dual pH-and temperature-responsive hydrogel produced in situ crosslinking of cyclodextrin-cellulose for wound healing | E135: 10.1016/j.ijbiomac.2023.126693 | F135: Thermo/NIR or externally actuated | G135: Inflammation or macrophage modulation | H135: 1 | K135: ; | M135: 100.0 | N135: YES
A136: 219 | B136: S3 | C136: 2: Acidic pH-switching adhesive and release matrices | D136: A dual pH-and temperature-responsive hydrogel produced in situ crosslinking of cyclodextrin-cellulose for wound healing | E136: 10.1016/j.ijbiomac.2023.126693 | F136: Thermo/NIR or externally actuated | G136: Collagen or matrix remodeling | H136: 1 | K136: ; | M136: 100.0 | N136: YES
A137: 219 | B137: S3 | C137: 2: Acidic pH-switching adhesive and release matrices | D137: A dual pH-and temperature-responsive hydrogel produced in situ crosslinking of cyclodextrin-cellulose for wound healing | E137: 10.1016/j.ijbiomac.2023.126693 | F137: Thermo/NIR or externally actuated | G137: Re-epithelialization | H137: 1 | K137: ; | M137: 100.0 | N137: YES
A138: 219 | B138: S3 | C138: 2: Acidic pH-switching adhesive and release matrices | D138: A dual pH-and temperature-responsive hydrogel produced in situ crosslinking of cyclodextrin-cellulose for wound healing | E138: 10.1016/j.ijbiomac.2023.126693 | F138: Thermo/NIR or externally actuated | G138: Wound closure | H138: 1 | K138: ; | M138: 100.0 | N138: YES
A139: 219 | B139: S3 | C139: 2: Acidic pH-switching adhesive and release matrices | D139: A dual pH-and temperature-responsive hydrogel produced in situ crosslinking of cyclodextrin-cellulose for wound healing | E139: 10.1016/j.ijbiomac.2023.126693 | F139: Thermo/NIR or externally actuated | G139: Safety or cytocompatibility | H139: 1 | K139: ; | M139: 100.0 | N139: YES
A140: 221 | B140: S3 | C140: 5: Thermogelling and externally actuated antimicrobial-regenerative systems | D140: Temperature-Responsive Hydrogel Delivery of Antimicrobial Peptide Engineered Watermelon-Derived Extracellular Vesicles Enables Sequential Infection Control and Wound Healing | E140: 10.1016/j.colsurfb.2026.115438 | F140: Thermo/NIR or externally actuated | G140: Release kinetics measured | H140: 1 | K140: ; | M140: 100.0 | N140: YES
A141: 221 | B141: S3 | C141: 5: Thermogelling and externally actuated antimicrobial-regenerative systems | D141: Temperature-Responsive Hydrogel Delivery of Antimicrobial Peptide Engineered Watermelon-Derived Extracellular Vesicles Enables Sequential Infection Control and Wound Healing | E141: 10.1016/j.colsurfb.2026.115438 | F141: Thermo/NIR or externally actuated | G141: Antimicrobial or biofilm control | H141: 1 | K141: ; | M141: 100.0 | N141: YES
A142: 221 | B142: S3 | C142: 5: Thermogelling and externally actuated antimicrobial-regenerative systems | D142: Temperature-Responsive Hydrogel Delivery of Antimicrobial Peptide Engineered Watermelon-Derived Extracellular Vesicles Enables Sequential Infection Control and Wound Healing | E142: 10.1016/j.colsurfb.2026.115438 | F142: Thermo/NIR or externally actuated | G142: Inflammation or macrophage modulation | H142: 1 | K142: ; | M142: 100.0 | N142: YES
A143: 221 | B143: S3 | C143: 5: Thermogelling and externally actuated antimicrobial-regenerative systems | D143: Temperature-Responsive Hydrogel Delivery of Antimicrobial Peptide Engineered Watermelon-Derived Extracellular Vesicles Enables Sequential Infection Control and Wound Healing | E143: 10.1016/j.colsurfb.2026.115438 | F143: Thermo/NIR or externally actuated | G143: Collagen or matrix remodeling | H143: 1 | K143: ; | M143: 100.0 | N143: YES
A144: 221 | B144: S3 | C144: 5: Thermogelling and externally actuated antimicrobial-regenerative systems | D144: Temperature-Responsive Hydrogel Delivery of Antimicrobial Peptide Engineered Watermelon-Derived Extracellular Vesicles Enables Sequential Infection Control and Wound Healing | E144: 10.1016/j.colsurfb.2026.115438 | F144: Thermo/NIR or externally actuated | G144: Wound closure | H144: 1 | K144: ; | M144: 100.0 | N144: YES
... A357: 243 | B357: S3 | C357: 8: Antimicrobial and antibiofilm hydrogel depots | D357: Eradication of Mature Bacterial Biofilms with Concurrent Improvement in Chronic Wound Healing Using Silver Nanoparticle Hydrogel Treatment | E357: 10.3390/biomedicines9091182 | F357: sustained or staged delivery | G357: Safety or cytocompatibility | H357: 1 | K357: ; | M357: 100.0 | N357: YES

Sheet Matrix_S06
A1: Group | B1: Release kinetics measured | C1: Antimicrobial or biofilm control | D1: Inflammation or macrophage modulation | E1: Angiogenesis | F1: Collagen or matrix remodeling | G1: Re-epithelialization | H1: Wound closure | I1: Safety or cytocompatibility | J1: Unique studies in group
A2: pH-responsive | B2: =COUNTIFS('Code_S06'!$F$2:$F$357,SUBSTITUTE($A2,CHAR(10)," "),'Code_S06'!$G$2:$G$357,SUBSTITUTE(B$1,CHAR(10)," "),'Code_S06'!$H$2:$H$357,1) -> 5 | C2: =COUNTIFS('Code_S06'!$F$2:$F$357,SUBSTITUTE($A2,CHAR(10)," "),'Code_S06'!$G$2:$G$357,SUBSTITUTE(C$1,CHAR(10)," "),'Code_S06'!$H$2:$H$357,1) -> 5 | D2: =COUNTIFS('Code_S06'!$F$2:$F$357,SUBSTITUTE($A2,CHAR(10)," "),'Code_S06'!$G$2:$G$357,SUBSTITUTE(D$1,CHAR(10)," "),'Code_S06'!$H$2:$H$357,1) -> 5 | E2: =COUNTIFS('Code_S06'!$F$2:$F$357,SUBSTITUTE($A2,CHAR(10)," "),'Code_S06'!$G$2:$G$357,SUBSTITUTE(E$1,CHAR(10)," "),'Code_S06'!$H$2:$H$357,1) -> 4 | F2: =COUNTIFS('Code_S06'!$F$2:$F$357,SUBSTITUTE($A2,CHAR(10)," "),'Code_S06'!$G$2:$G$357,SUBSTITUTE(F$1,CHAR(10)," "),'Code_S06'!$H$2:$H$357,1) -> 5 | G2: =COUNTIFS('Code_S06'!$F$2:$F$357,SUBSTITUTE($A2,CHAR(10)," "),'Code_S06'!$G$2:$G$357,SUBSTITUTE(G$1,CHAR(10)," "),'Code_S06'!$H$2:$H$357,1) -> 5 | H2: =COUNTIFS('Code_S06'!$F$2:$F$357,SUBSTITUTE($A2,CHAR(10)," "),'Code_S06'!$G$2:$G$357,SUBSTITUTE(H$1,CHAR(10)," "),'Code_S06'!$H$2:$H$357,1) -> 5 | I2: =COUNTIFS('Code_S06'!$F$2:$F$357,SUBSTITUTE($A2,CHAR(10)," "),'Code_S06'!$G$2:$G$357,SUBSTITUTE(I$1,CHAR(10)," "),'Code_S06'!$H$2:$H$357,1) -> 5 | J2: =COUNTIFS('08_Study_Cohorts'!$A$2:$A$365,"S6",'08_Study_Cohorts'!$C$2:$C$365,SUBSTITUTE($A2,CHAR(10)," ")) -> 5
A3: ROS/redox-responsive | B3: =COUNTIFS('Code_S06'!$F$2:$F$357,SUBSTITUTE($A3,CHAR(10)," "),'Code_S06'!$G$2:$G$357,SUBSTITUTE(B$1,CHAR(10)," "),'Code_S06'!$H$2:$H$357,1) -> 7 | C3: =COUNTIFS('Code_S06'!$F$2:$F$357,SUBSTITUTE($A3,CHAR(10)," "),'Code_S06'!$G$2:$G$357,SUBSTITUTE(C$1,CHAR(10)," "),'Code_S06'!$H$2:$H$357,1) -> 6 | D3: =COUNTIFS('Code_S06'!$F$2:$F$357,SUBSTITUTE($A3,CHAR(10)," "),'Code_S06'!$G$2:$G$357,SUBSTITUTE(D$1,CHAR(10)," "),'Code_S06'!$H$2:$H$357,1) -> 7 | E3: =COUNTIFS('Code_S06'!$F$2:$F$357,SUBSTITUTE($A3,CHAR(10)," "),'Code_S06'!$G$2:$G$357,SUBSTITUTE(E$1,CHAR(10)," "),'Code_S06'!$H$2:$H$357,1) -> 6 | F3: =COUNTIFS('Code_S06'!$F$2:$F$357,SUBSTITUTE($A3,CHAR(10)," "),'Code_S06'!$G$2:$G$357,SUBSTITUTE(F$1,CHAR(10)," "),'Code_S06'!$H$2:$H$357,1) -> 7 | G3: =COUNTIFS('Code_S06'!$F$2:$F$357,SUBSTITUTE($A3,CHAR(10)," "),'Code_S06'!$G$2:$G$357,SUBSTITUTE(G$1,CHAR(10)," "),'Code_S06'!$H$2:$H$357,1) -> 5 | H3: =COUNTIFS('Code_S06'!$F$2:$F$357,SUBSTITUTE($A3,CHAR(10)," "),'Code_S06'!$G$2:$G$357,SUBSTITUTE(H$1,CHAR(10)," "),'Code_S06'!$H$2:$H$357,1) -> 7 | I3: =COUNTIFS('Code_S06'!$F$2:$F$357,SUBSTITUTE($A3,CHAR(10)," "),'Code_S06'!$G$2:$G$357,SUBSTITUTE(I$1,CHAR(10)," "),'Code_S06'!$H$2:$H$357,1) -> 6 | J3: =COUNTIFS('08_Study_Cohorts'!$A$2:$A$365,"S6",'08_Study_Cohorts'!$C$2:$C$365,SUBSTITUTE($A3,CHAR(10)," ")) -> 7
A4: Glucose-responsive | B4: =COUNTIFS('Code_S06'!$F$2:$F$357,SUBSTITUTE($A4,CHAR(10)," "),'Code_S06'!$G$2:$G$357,SUBSTITUTE(B$1,CHAR(10)," "),'Code_S06'!$H$2:$H$357,1) -> 1 | C4: =COUNTIFS('Code_S06'!$F$2:$F$357,SUBSTITUTE($A4,CHAR(10)," "),'Code_S06'!$G$2:$G$357,SUBSTITUTE(C$1,CHAR(10)," "),'Code_S06'!$H$2:$H$357,1) -> 0 | D4: =COUNTIFS('Code_S06'!$F$2:$F$357,SUBSTITUTE($A4,CHAR(10)," "),'Code_S06'!$G$2:$G$357,SUBSTITUTE(D$1,CHAR(10)," "),'Code_S06'!$H$2:$H$357,1) -> 1 | E4: =COUNTIFS('Code_S06'!$F$2:$F$357,SUBSTITUTE($A4,CHAR(10)," "),'Code_S06'!$G$2:$G$357,SUBSTITUTE(E$1,CHAR(10)," "),'Code_S06'!$H$2:$H$357,1) -> 1 | F4: =COUNTIFS('Code_S06'!$F$2:$F$357,SUBSTITUTE($A4,CHAR(10)," "),'Code_S06'!$G$2:$G$357,SUBSTITUTE(F$1,CHAR(10)," "),'Code_S06'!$H$2:$H$357,1) -> 1 | G4: =COUNTIFS('Code_S06'!$F$2:$F$357,SUBSTITUTE($A4,CHAR(10)," "),'Code_S06'!$G$2:$G$357,SUBSTITUTE(G$1,CHAR(10)," "),'Code_S06'!$H$2:$H$357,1) -> 1 | H4: =COUNTIFS('Code_S06'!$F$2:$F$357,SUBSTITUTE($A4,CHAR(10)," "),'Code_S06'!$G$2:$G$357,SUBSTITUTE(H$1,CHAR(10)," "),'Code_S06'!$H$2:$H$357,1) -> 1 | I4: =COUNTIFS('Code_S06'!$F$2:$F$357,SUBSTITUTE($A4,CHAR(10)," "),'Code_S06'!$G$2:$G$357,SUBSTITUTE(I$1,CHAR(10)," "),'Code_S06'!$H$2:$H$357,1) -> 1 | J4: =COUNTIFS('08_Study_Cohorts'!$A$2:$A$365,"S6",'08_Study_Cohorts'!$C$2:$C$365,SUBSTITUTE($A4,CHAR(10)," ")) -> 1
A5: Enzyme-responsive | B5: =COUNTIFS('Code_S06'!$F$2:$F$357,SUBSTITUTE($A5,CHAR(10)," "),'Code_S06'!$G$2:$G$357,SUBSTITUTE(B$1,CHAR(10)," "),'Code_S06'!$H$2:$H$357,1) -> 3 | C5: =COUNTIFS('Code_S06'!$F$2:$F$357,SUBSTITUTE($A5,CHAR(10)," "),'Code_S06'!$G$2:$G$357,SUBSTITUTE(C$1,CHAR(10)," "),'Code_S06'!$H$2:$H$357,1) -> 3 | D5: =COUNTIFS('Code_S06'!$F$2:$F$357,SUBSTITUTE($A5,CHAR(10)," "),'Code_S06'!$G$2:$G$357,SUBSTITUTE(D$1,CHAR(10)," "),'Code_S06'!$H$2:$H$357,1) -> 2 | E5: =COUNTIFS('Code_S06'!$F$2:$F$357,SUBSTITUTE($A5,CHAR(10)," "),'Code_S06'!$G$2:$G$357,SUBSTITUTE(E$1,CHAR(10)," "),'Code_S06'!$H$2:$H$357,1) -> 1 | F5: =COUNTIFS('Code_S06'!$F$2:$F$357,SUBSTITUTE($A5,CHAR(10)," "),'Code_S06'!$G$2:$G$357,SUBSTITUTE(F$1,CHAR(10)," "),'Code_S06'!$H$2:$H$357,1) -> 3 | G5: =COUNTIFS('Code_S06'!$F$2:$F$357,SUBSTITUTE($A5,CHAR(10)," "),'Code_S06'!$G$2:$G$357,SUBSTITUTE(G$1,CHAR(10)," "),'Code_S06'!$H$2:$H$357,1) -> 3 | H5: =COUNTIFS('Code_S06'!$F$2:$F$357,SUBSTITUTE($A5,CHAR(10)," "),'Code_S06'!$G$2:$G$357,SUBSTITUTE(H$1,CHAR(10)," "),'Code_S06'!$H$2:$H$357,1) -> 2 | I5: =COUNTIFS('Code_S06'!$F$2:$F$357,SUBSTITUTE($A5,CHAR(10)," "),'Code_S06'!$G$2:$G$357,SUBSTITUTE(I$1,CHAR(10)," "),'Code_S06'!$H$2:$H$357,1) -> 3 | J5: =COUNTIFS('08_Study_Cohorts'!$A$2:$A$365,"S6",'08_Study_Cohorts'!$C$2:$C$365,SUBSTITUTE($A5,CHAR(10)," ")) -> 3
A6: Thermo/NIR or externally actuated | B6: =COUNTIFS('Code_S06'!$F$2:$F$357,SUBSTITUTE($A6,CHAR(10)," "),'Code_S06'!$G$2:$G$357,SUBSTITUTE(B$1,CHAR(10)," "),'Code_S06'!$H$2:$H$357,1) -> 7 | C6: =COUNTIFS('Code_S06'!$F$2:$F$357,SUBSTITUTE($A6,CHAR(10)," "),'Code_S06'!$G$2:$G$357,SUBSTITUTE(C$1,CHAR(10)," "),'Code_S06'!$H$2:$H$357,1) -> 7 | D6: =COUNTIFS('Code_S06'!$F$2:$F$357,SUBSTITUTE($A6,CHAR(10)," "),'Code_S06'!$G$2:$G$357,SUBSTITUTE(D$1,CHAR(10)," "),'Code_S06'!$H$2:$H$357,1) -> 6 | E6: =COUNTIFS('Code_S06'!$F$2:$F$357,SUBSTITUTE($A6,CHAR(10)," "),'Code_S06'!$G$2:$G$357,SUBSTITUTE(E$1,CHAR(10)," "),'Code_S06'!$H$2:$H$357,1) -> 3 | F6: =COUNTIFS('Code_S06'!$F$2:$F$357,SUBSTITUTE($A6,CHAR(10)," "),'Code_S06'!$G$2:$G$357,SUBSTITUTE(F$1,CHAR(10)," "),'Code_S06'!$H$2:$H$357,1) -> 6 | G6: =COUNTIFS('Code_S06'!$F$2:$F$357,SUBSTITUTE($A6,CHAR(10)," "),'Code_S06'!$G$2:$G$357,SUBSTITUTE(G$1,CHAR(10)," "),'Code_S06'!$H$2:$H$357,1) -> 5 | H6: =COUNTIFS('Code_S06'!$F$2:$F$357,SUBSTITUTE($A6,CHAR(10)," "),'Code_S06'!$G$2:$G$357,SUBSTITUTE(H$1,CHAR(10)," "),'Code_S06'!$H$2:$H$357,1) -> 7 | I6: =COUNTIFS('Code_S06'!$F$2:$F$357,SUBSTITUTE($A6,CHAR(10)," "),'Code_S06'!$G$2:$G$357,SUBSTITUTE(I$1,CHAR(10)," "),'Code_S06'!$H$2:$H$357,1) -> 7 | J6: =COUNTIFS('08_Study_Cohorts'!$A$2:$A$365,"S6",'08_Study_Cohorts'!$C$2:$C$365,SUBSTITUTE($A6,CHAR(10)," ")) -> 7
A7: Immune-programming | B7: =COUNTIFS('Code_S06'!$F$2:$F$357,SUBSTITUTE($A7,CHAR(10)," "),'Code_S06'!$G$2:$G$357,SUBSTITUTE(B$1,CHAR(10)," "),'Code_S06'!$H$2:$H$357,1) -> 11 | C7: =COUNTIFS('Code_S06'!$F$2:$F$357,SUBSTITUTE($A7,CHAR(10)," "),'Code_S06'!$G$2:$G$357,SUBSTITUTE(C$1,CHAR(10)," "),'Code_S06'!$H$2:$H$357,1) -> 10 | D7: =COUNTIFS('Code_S06'!$F$2:$F$357,SUBSTITUTE($A7,CHAR(10)," "),'Code_S06'!$G$2:$G$357,SUBSTITUTE(D$1,CHAR(10)," "),'Code_S06'!$H$2:$H$357,1) -> 11 | E7: =COUNTIFS('Code_S06'!$F$2:$F$357,SUBSTITUTE($A7,CHAR(10)," "),'Code_S06'!$G$2:$G$357,SUBSTITUTE(E$1,CHAR(10)," "),'Code_S06'!$H$2:$H$357,1) -> 10 | F7: =COUNTIFS('Code_S06'!$F$2:$F$357,SUBSTITUTE($A7,CHAR(10)," "),'Code_S06'!$G$2:$G$357,SUBSTITUTE(F$1,CHAR(10)," "),'Code_S06'!$H$2:$H$357,1) -> 10 | G7: =COUNTIFS('Code_S06'!$F$2:$F$357,SUBSTITUTE($A7,CHAR(10)," "),'Code_S06'!$G$2:$G$357,SUBSTITUTE(G$1,CHAR(10)," "),'Code_S06'!$H$2:$H$357,1) -> 8 | H7: =COUNTIFS('Code_S06'!$F$2:$F$357,SUBSTITUTE($A7,CHAR(10)," "),'Code_S06'!$G$2:$G$357,SUBSTITUTE(H$1,CHAR(10)," "),'Code_S06'!$H$2:$H$357,1) -> 11 | I7: =COUNTIFS('Code_S06'!$F$2:$F$357,SUBSTITUTE($A7,CHAR(10)," "),'Code_S06'!$G$2:$G$357,SUBSTITUTE(I$1,CHAR(10)," "),'Code_S06'!$H$2:$H$357,1) -> 11 | J7: =COUNTIFS('08_Study_Cohorts'!$A$2:$A$365,"S6",'08_Study_Cohorts'!$C$2:$C$365,SUBSTITUTE($A7,CHAR(10)," ")) -> 11
A8: Sustained or staged delivery | B8: =COUNTIFS('Code_S06'!$F$2:$F$357,SUBSTITUTE($A8,CHAR(10)," "),'Code_S06'!$G$2:$G$357,SUBSTITUTE(B$1,CHAR(10)," "),'Code_S06'!$H$2:$H$357,1) -> 15 | C8: =COUNTIFS('Code_S06'!$F$2:$F$357,SUBSTITUTE($A8,CHAR(10)," "),'Code_S06'!$G$2:$G$357,SUBSTITUTE(C$1,CHAR(10)," "),'Code_S06'!$H$2:$H$357,1) -> 13 | D8: =COUNTIFS('Code_S06'!$F$2:$F$357,SUBSTITUTE($A8,CHAR(10)," "),'Code_S06'!$G$2:$G$357,SUBSTITUTE(D$1,CHAR(10)," "),'Code_S06'!$H$2:$H$357,1) -> 10 | E8: =COUNTIFS('Code_S06'!$F$2:$F$357,SUBSTITUTE($A8,CHAR(10)," "),'Code_S06'!$G$2:$G$357,SUBSTITUTE(E$1,CHAR(10)," "),'Code_S06'!$H$2:$H$357,1) -> 12 | F8: =COUNTIFS('Code_S06'!$F$2:$F$357,SUBSTITUTE($A8,CHAR(10)," "),'Code_S06'!$G$2:$G$357,SUBSTITUTE(F$1,CHAR(10)," "),'Code_S06'!$H$2:$H$357,1) -> 15 | G8: =COUNTIFS('Code_S06'!$F$2:$F$357,SUBSTITUTE($A8,CHAR(10)," "),'Code_S06'!$G$2:$G$357,SUBSTITUTE(G$1,CHAR(10)," "),'Code_S06'!$H$2:$H$357,1) -> 11 | H8: =COUNTIFS('Code_S06'!$F$2:$F$357,SUBSTITUTE($A8,CHAR(10)," "),'Code_S06'!$G$2:$G$357,SUBSTITUTE(H$1,CHAR(10)," "),'Code_S06'!$H$2:$H$357,1) -> 15 | I8: =COUNTIFS('Code_S06'!$F$2:$F$357,SUBSTITUTE($A8,CHAR(10)," "),'Code_S06'!$G$2:$G$357,SUBSTITUTE(I$1,CHAR(10)," "),'Code_S06'!$H$2:$H$357,1) -> 14 | J8: =COUNTIFS('08_Study_Cohorts'!$A$2:$A$365,"S6",'08_Study_Cohorts'!$C$2:$C$365,SUBSTITUTE($A8,CHAR(10)," ")) -> 15

Sheet Code_S07
A1: Main_ref | B1: SI_source_table | C1: SI_table_row | D1: Main_article_title | E1: DOI_in_main_register | F1: Group | G1: Domain | H1: Code_0_1 | I1: Proposed_structural_score | J1: Proposed_disease_score | K1: Provenance_note | L1: Source_URL | M1: Bibliography_title_match_pct | N1: Citation_present_in_main
A2: 200 | B2: S3 | C2: 3: Redox-, glucose-, and mixed-stimulus adaptive hydrogels | D2: Construction of oxidized dextran-based pH/ROS responsive hydrogel with live bacterial microcapsules for accelerating diabetic wound healing via reducing inflammatory factors | E2: 10.1016/j.ijbiomac.2026.151405 | F2: Mixed-stimulus adaptive hydrogels | G2: Material properties | H2: 1 | K2: ; | M2: 100.0 | N2: YES
A3: 200 | B3: S3 | C3: 3: Redox-, glucose-, and mixed-stimulus adaptive hydrogels | D3: Construction of oxidized dextran-based pH/ROS responsive hydrogel with live bacterial microcapsules for accelerating diabetic wound healing via reducing inflammatory factors | E3: 10.1016/j.ijbiomac.2026.151405 | F3: Mixed-stimulus adaptive hydrogels | G3: Release or activation kinetics | H3: 1 | K3: ; | M3: 100.0 | N3: YES
A4: 200 | B4: S3 | C4: 3: Redox-, glucose-, and mixed-stimulus adaptive hydrogels | D4: Construction of oxidized dextran-based pH/ROS responsive hydrogel with live bacterial microcapsules for accelerating diabetic wound healing via reducing inflammatory factors | E4: 10.1016/j.ijbiomac.2026.151405 | F4: Mixed-stimulus adaptive hydrogels | G4: Antimicrobial or biofilm | H4: 1 | K4: ; | M4: 100.0 | N4: YES
A5: 200 | B5: S3 | C5: 3: Redox-, glucose-, and mixed-stimulus adaptive hydrogels | D5: Construction of oxidized dextran-based pH/ROS responsive hydrogel with live bacterial microcapsules for accelerating diabetic wound healing via reducing inflammatory factors | E5: 10.1016/j.ijbiomac.2026.151405 | F5: Mixed-stimulus adaptive hydrogels | G5: ROS, oxidative, or metabolic | H5: 1 | K5: ; | M5: 100.0 | N5: YES
A6: 200 | B6: S3 | C6: 3: Redox-, glucose-, and mixed-stimulus adaptive hydrogels | D6: Construction of oxidized dextran-based pH/ROS responsive hydrogel with live bacterial microcapsules for accelerating diabetic wound healing via reducing inflammatory factors | E6: 10.1016/j.ijbiomac.2026.151405 | F6: Mixed-stimulus adaptive hydrogels | G6: Immune, cytokine, or macrophage | H6: 1 | K6: ; | M6: 100.0 | N6: YES
A7: 200 | B7: S3 | C7: 3: Redox-, glucose-, and mixed-stimulus adaptive hydrogels | D7: Construction of oxidized dextran-based pH/ROS responsive hydrogel with live bacterial microcapsules for accelerating diabetic wound healing via reducing inflammatory factors | E7: 10.1016/j.ijbiomac.2026.151405 | F7: Mixed-stimulus adaptive hydrogels | G7: Angiogenic or vascular | H7: 1 | K7: ; | M7: 100.0 | N7: YES
A8: 200 | B8: S3 | C8: 3: Redox-, glucose-, and mixed-stimulus adaptive hydrogels | D8: Construction of oxidized dextran-based pH/ROS responsive hydrogel with live bacterial microcapsules for accelerating diabetic wound healing via reducing inflammatory factors | E8: 10.1016/j.ijbiomac.2026.151405 | F8: Mixed-stimulus adaptive hydrogels | G8: Histology, collagen, or matrix repair | H8: 1 | K8: ; | M8: 100.0 | N8: YES
A9: 200 | B9: S3 | C9: 3: Redox-, glucose-, and mixed-stimulus adaptive hydrogels | D9: Construction of oxidized dextran-based pH/ROS responsive hydrogel with live bacterial microcapsules for accelerating diabetic wound healing via reducing inflammatory factors | E9: 10.1016/j.ijbiomac.2026.151405 | F9: Mixed-stimulus adaptive hydrogels | G9: Wound-area trajectory | H9: 1 | K9: ; | M9: 100.0 | N9: YES
A10: 200 | B10: S3 | C10: 3: Redox-, glucose-, and mixed-stimulus adaptive hydrogels | D10: Construction of oxidized dextran-based pH/ROS responsive hydrogel with live bacterial microcapsules for accelerating diabetic wound healing via reducing inflammatory factors | E10: 10.1016/j.ijbiomac.2026.151405 | F10: Mixed-stimulus adaptive hydrogels | G10: Safety or cytocompatibility | H10: 1 | K10: ; | M10: 100.0 | N10: YES
